,duration,mask_efficiency,lambda_home,pulmonary_vent_rate,quanta_gen_rate,recover_rate,school_start,school_end,no_of_simulations,init_students_per_class,plotting_sample_rate,time_step,door_open_fraction,window_open_fraction,wind_speed,wind_direction,ambient_temp,corridor_temp,classroom_temp,window_height,opening_method,method,contam_model_name,run name,backed up,movement_method
model_210927_11-20-43,5 days,0.0,0.0,0.54,5.0,0.0069444444,09:00:00,16:00:00,2000.0,30.0,10min,0 days 00:10:00,0.0,1.0,5.0,0.0,5.0,19.0,21.0,1.0,internal_doors_only_random,DTMC,school_corridor,door_002,True,
model_210927_11-27-59,5 days,0.0,0.0,0.54,5.0,0.0069444444,09:00:00,16:00:00,2000.0,30.0,10min,0 days 00:10:00,0.05,1.0,5.0,0.0,5.0,19.0,21.0,1.0,internal_doors_only_random,DTMC,school_corridor,door_002,True,
model_210927_11-35-10,5 days,0.0,0.0,0.54,5.0,0.0069444444,09:00:00,16:00:00,2000.0,30.0,10min,0 days 00:10:00,0.1,1.0,5.0,0.0,5.0,19.0,21.0,1.0,internal_doors_only_random,DTMC,school_corridor,door_002,True,
model_210927_11-42-29,5 days,0.0,0.0,0.54,5.0,0.0069444444,09:00:00,16:00:00,2000.0,30.0,10min,0 days 00:10:00,0.15,1.0,5.0,0.0,5.0,19.0,21.0,1.0,internal_doors_only_random,DTMC,school_corridor,door_002,True,
model_210927_11-49-35,5 days,0.0,0.0,0.54,5.0,0.0069444444,09:00:00,16:00:00,2000.0,30.0,10min,0 days 00:10:00,0.2,1.0,5.0,0.0,5.0,19.0,21.0,1.0,internal_doors_only_random,DTMC,school_corridor,door_002,True,
model_210927_11-56-55,5 days,0.0,0.0,0.54,5.0,0.0069444444,09:00:00,16:00:00,2000.0,30.0,10min,0 days 00:10:00,0.25,1.0,5.0,0.0,5.0,19.0,21.0,1.0,internal_doors_only_random,DTMC,school_corridor,door_002,True,
model_210927_12-03-57,5 days,0.0,0.0,0.54,5.0,0.0069444444,09:00:00,16:00:00,2000.0,30.0,10min,0 days 00:10:00,0.3,1.0,5.0,0.0,5.0,19.0,21.0,1.0,internal_doors_only_random,DTMC,school_corridor,door_002,True,
model_210927_12-11-09,5 days,0.0,0.0,0.54,5.0,0.0069444444,09:00:00,16:00:00,2000.0,30.0,10min,0 days 00:10:00,0.35,1.0,5.0,0.0,5.0,19.0,21.0,1.0,internal_doors_only_random,DTMC,school_corridor,door_002,True,
model_210927_12-18-17,5 days,0.0,0.0,0.54,5.0,0.0069444444,09:00:00,16:00:00,2000.0,30.0,10min,0 days 00:10:00,0.4,1.0,5.0,0.0,5.0,19.0,21.0,1.0,internal_doors_only_random,DTMC,school_corridor,door_002,True,
model_210927_12-25-32,5 days,0.0,0.0,0.54,5.0,0.0069444444,09:00:00,16:00:00,2000.0,30.0,10min,0 days 00:10:00,0.45,1.0,5.0,0.0,5.0,19.0,21.0,1.0,internal_doors_only_random,DTMC,school_corridor,door_002,True,
model_210927_12-32-57,5 days,0.0,0.0,0.54,5.0,0.0069444444,09:00:00,16:00:00,2000.0,30.0,10min,0 days 00:10:00,0.5,1.0,5.0,0.0,5.0,19.0,21.0,1.0,internal_doors_only_random,DTMC,school_corridor,door_002,True,
model_210927_12-40-03,5 days,0.0,0.0,0.54,5.0,0.0069444444,09:00:00,16:00:00,2000.0,30.0,10min,0 days 00:10:00,0.55,1.0,5.0,0.0,5.0,19.0,21.0,1.0,internal_doors_only_random,DTMC,school_corridor,door_002,True,
model_210927_12-47-10,5 days,0.0,0.0,0.54,5.0,0.0069444444,09:00:00,16:00:00,2000.0,30.0,10min,0 days 00:10:00,0.6,1.0,5.0,0.0,5.0,19.0,21.0,1.0,internal_doors_only_random,DTMC,school_corridor,door_002,True,
model_210927_12-54-28,5 days,0.0,0.0,0.54,5.0,0.0069444444,09:00:00,16:00:00,2000.0,30.0,10min,0 days 00:10:00,0.65,1.0,5.0,0.0,5.0,19.0,21.0,1.0,internal_doors_only_random,DTMC,school_corridor,door_002,True,
model_210927_13-01-43,5 days,0.0,0.0,0.54,5.0,0.0069444444,09:00:00,16:00:00,2000.0,30.0,10min,0 days 00:10:00,0.7,1.0,5.0,0.0,5.0,19.0,21.0,1.0,internal_doors_only_random,DTMC,school_corridor,door_002,True,
model_210927_13-08-58,5 days,0.0,0.0,0.54,5.0,0.0069444444,09:00:00,16:00:00,2000.0,30.0,10min,0 days 00:10:00,0.75,1.0,5.0,0.0,5.0,19.0,21.0,1.0,internal_doors_only_random,DTMC,school_corridor,door_002,True,
model_210927_13-16-15,5 days,0.0,0.0,0.54,5.0,0.0069444444,09:00:00,16:00:00,2000.0,30.0,10min,0 days 00:10:00,0.8,1.0,5.0,0.0,5.0,19.0,21.0,1.0,internal_doors_only_random,DTMC,school_corridor,door_002,True,
model_210927_13-23-21,5 days,0.0,0.0,0.54,5.0,0.0069444444,09:00:00,16:00:00,2000.0,30.0,10min,0 days 00:10:00,0.85,1.0,5.0,0.0,5.0,19.0,21.0,1.0,internal_doors_only_random,DTMC,school_corridor,door_002,True,
model_210927_13-30-44,5 days,0.0,0.0,0.54,5.0,0.0069444444,09:00:00,16:00:00,2000.0,30.0,10min,0 days 00:10:00,0.9,1.0,5.0,0.0,5.0,19.0,21.0,1.0,internal_doors_only_random,DTMC,school_corridor,door_002,True,
model_210927_13-38-07,5 days,0.0,0.0,0.54,5.0,0.0069444444,09:00:00,16:00:00,2000.0,30.0,10min,0 days 00:10:00,0.95,1.0,5.0,0.0,5.0,19.0,21.0,1.0,internal_doors_only_random,DTMC,school_corridor,door_002,True,
model_210927_13-45-21,5 days,0.0,0.0,0.54,5.0,0.0069444444,09:00:00,16:00:00,2000.0,30.0,10min,0 days 00:10:00,1.0,1.0,5.0,0.0,5.0,19.0,21.0,1.0,internal_doors_only_random,DTMC,school_corridor,door_002,True,
model_210927_13-52-46,5 days,0.0,0.0,0.54,5.0,0.0069444444,09:00:00,16:00:00,2000.0,30.0,10min,0 days 00:10:00,0.0,1.0,15.0,0.0,5.0,19.0,21.0,1.0,internal_doors_only_random,DTMC,school_corridor,door_002,True,
model_210927_13-59-57,5 days,0.0,0.0,0.54,5.0,0.0069444444,09:00:00,16:00:00,2000.0,30.0,10min,0 days 00:10:00,0.05,1.0,15.0,0.0,5.0,19.0,21.0,1.0,internal_doors_only_random,DTMC,school_corridor,door_002,True,
model_210927_14-07-13,5 days,0.0,0.0,0.54,5.0,0.0069444444,09:00:00,16:00:00,2000.0,30.0,10min,0 days 00:10:00,0.1,1.0,15.0,0.0,5.0,19.0,21.0,1.0,internal_doors_only_random,DTMC,school_corridor,door_002,True,
model_210927_14-14-35,5 days,0.0,0.0,0.54,5.0,0.0069444444,09:00:00,16:00:00,2000.0,30.0,10min,0 days 00:10:00,0.15,1.0,15.0,0.0,5.0,19.0,21.0,1.0,internal_doors_only_random,DTMC,school_corridor,door_002,True,
model_210927_14-22-02,5 days,0.0,0.0,0.54,5.0,0.0069444444,09:00:00,16:00:00,2000.0,30.0,10min,0 days 00:10:00,0.2,1.0,15.0,0.0,5.0,19.0,21.0,1.0,internal_doors_only_random,DTMC,school_corridor,door_002,True,
model_210927_14-29-21,5 days,0.0,0.0,0.54,5.0,0.0069444444,09:00:00,16:00:00,2000.0,30.0,10min,0 days 00:10:00,0.25,1.0,15.0,0.0,5.0,19.0,21.0,1.0,internal_doors_only_random,DTMC,school_corridor,door_002,True,
model_210927_14-36-39,5 days,0.0,0.0,0.54,5.0,0.0069444444,09:00:00,16:00:00,2000.0,30.0,10min,0 days 00:10:00,0.3,1.0,15.0,0.0,5.0,19.0,21.0,1.0,internal_doors_only_random,DTMC,school_corridor,door_002,True,
model_210927_14-44-02,5 days,0.0,0.0,0.54,5.0,0.0069444444,09:00:00,16:00:00,2000.0,30.0,10min,0 days 00:10:00,0.35,1.0,15.0,0.0,5.0,19.0,21.0,1.0,internal_doors_only_random,DTMC,school_corridor,door_002,True,
model_210927_14-51-34,5 days,0.0,0.0,0.54,5.0,0.0069444444,09:00:00,16:00:00,2000.0,30.0,10min,0 days 00:10:00,0.4,1.0,15.0,0.0,5.0,19.0,21.0,1.0,internal_doors_only_random,DTMC,school_corridor,door_002,True,
model_210927_14-59-01,5 days,0.0,0.0,0.54,5.0,0.0069444444,09:00:00,16:00:00,2000.0,30.0,10min,0 days 00:10:00,0.45,1.0,15.0,0.0,5.0,19.0,21.0,1.0,internal_doors_only_random,DTMC,school_corridor,door_002,True,
model_210927_15-06-25,5 days,0.0,0.0,0.54,5.0,0.0069444444,09:00:00,16:00:00,2000.0,30.0,10min,0 days 00:10:00,0.5,1.0,15.0,0.0,5.0,19.0,21.0,1.0,internal_doors_only_random,DTMC,school_corridor,door_002,True,
model_210927_15-13-56,5 days,0.0,0.0,0.54,5.0,0.0069444444,09:00:00,16:00:00,2000.0,30.0,10min,0 days 00:10:00,0.55,1.0,15.0,0.0,5.0,19.0,21.0,1.0,internal_doors_only_random,DTMC,school_corridor,door_002,True,
model_210927_15-21-23,5 days,0.0,0.0,0.54,5.0,0.0069444444,09:00:00,16:00:00,2000.0,30.0,10min,0 days 00:10:00,0.6,1.0,15.0,0.0,5.0,19.0,21.0,1.0,internal_doors_only_random,DTMC,school_corridor,door_002,True,
model_210927_15-28-51,5 days,0.0,0.0,0.54,5.0,0.0069444444,09:00:00,16:00:00,2000.0,30.0,10min,0 days 00:10:00,0.65,1.0,15.0,0.0,5.0,19.0,21.0,1.0,internal_doors_only_random,DTMC,school_corridor,door_002,True,
model_210927_15-35-52,5 days,0.0,0.0,0.54,5.0,0.0069444444,09:00:00,16:00:00,2000.0,30.0,10min,0 days 00:10:00,0.7,1.0,15.0,0.0,5.0,19.0,21.0,1.0,internal_doors_only_random,DTMC,school_corridor,door_002,True,
model_210927_15-42-58,5 days,0.0,0.0,0.54,5.0,0.0069444444,09:00:00,16:00:00,2000.0,30.0,10min,0 days 00:10:00,0.75,1.0,15.0,0.0,5.0,19.0,21.0,1.0,internal_doors_only_random,DTMC,school_corridor,door_002,True,
model_210927_15-50-07,5 days,0.0,0.0,0.54,5.0,0.0069444444,09:00:00,16:00:00,2000.0,30.0,10min,0 days 00:10:00,0.8,1.0,15.0,0.0,5.0,19.0,21.0,1.0,internal_doors_only_random,DTMC,school_corridor,door_002,True,
model_210927_15-57-18,5 days,0.0,0.0,0.54,5.0,0.0069444444,09:00:00,16:00:00,2000.0,30.0,10min,0 days 00:10:00,0.85,1.0,15.0,0.0,5.0,19.0,21.0,1.0,internal_doors_only_random,DTMC,school_corridor,door_002,True,
model_210927_16-04-31,5 days,0.0,0.0,0.54,5.0,0.0069444444,09:00:00,16:00:00,2000.0,30.0,10min,0 days 00:10:00,0.9,1.0,15.0,0.0,5.0,19.0,21.0,1.0,internal_doors_only_random,DTMC,school_corridor,door_002,True,
model_210927_16-11-44,5 days,0.0,0.0,0.54,5.0,0.0069444444,09:00:00,16:00:00,2000.0,30.0,10min,0 days 00:10:00,0.95,1.0,15.0,0.0,5.0,19.0,21.0,1.0,internal_doors_only_random,DTMC,school_corridor,door_002,True,
model_210927_16-19-00,5 days,0.0,0.0,0.54,5.0,0.0069444444,09:00:00,16:00:00,2000.0,30.0,10min,0 days 00:10:00,1.0,1.0,15.0,0.0,5.0,19.0,21.0,1.0,internal_doors_only_random,DTMC,school_corridor,door_002,True,
model_210927_16-26-07,5 days,0.0,0.0,0.54,5.0,0.0069444444,09:00:00,16:00:00,2000.0,30.0,10min,0 days 00:10:00,0.0,1.0,5.0,0.0,10.0,19.0,21.0,1.0,internal_doors_only_random,DTMC,school_corridor,door_002,True,
model_210927_16-33-12,5 days,0.0,0.0,0.54,5.0,0.0069444444,09:00:00,16:00:00,2000.0,30.0,10min,0 days 00:10:00,0.05,1.0,5.0,0.0,10.0,19.0,21.0,1.0,internal_doors_only_random,DTMC,school_corridor,door_002,True,
model_210927_16-40-15,5 days,0.0,0.0,0.54,5.0,0.0069444444,09:00:00,16:00:00,2000.0,30.0,10min,0 days 00:10:00,0.1,1.0,5.0,0.0,10.0,19.0,21.0,1.0,internal_doors_only_random,DTMC,school_corridor,door_002,True,
model_210927_16-47-14,5 days,0.0,0.0,0.54,5.0,0.0069444444,09:00:00,16:00:00,2000.0,30.0,10min,0 days 00:10:00,0.15,1.0,5.0,0.0,10.0,19.0,21.0,1.0,internal_doors_only_random,DTMC,school_corridor,door_002,True,
model_210927_16-54-21,5 days,0.0,0.0,0.54,5.0,0.0069444444,09:00:00,16:00:00,2000.0,30.0,10min,0 days 00:10:00,0.2,1.0,5.0,0.0,10.0,19.0,21.0,1.0,internal_doors_only_random,DTMC,school_corridor,door_002,True,
model_210927_17-01-21,5 days,0.0,0.0,0.54,5.0,0.0069444444,09:00:00,16:00:00,2000.0,30.0,10min,0 days 00:10:00,0.25,1.0,5.0,0.0,10.0,19.0,21.0,1.0,internal_doors_only_random,DTMC,school_corridor,door_002,True,
model_210927_17-08-26,5 days,0.0,0.0,0.54,5.0,0.0069444444,09:00:00,16:00:00,2000.0,30.0,10min,0 days 00:10:00,0.3,1.0,5.0,0.0,10.0,19.0,21.0,1.0,internal_doors_only_random,DTMC,school_corridor,door_002,True,
model_210927_17-15-20,5 days,0.0,0.0,0.54,5.0,0.0069444444,09:00:00,16:00:00,2000.0,30.0,10min,0 days 00:10:00,0.35,1.0,5.0,0.0,10.0,19.0,21.0,1.0,internal_doors_only_random,DTMC,school_corridor,door_002,True,
model_210927_17-22-14,5 days,0.0,0.0,0.54,5.0,0.0069444444,09:00:00,16:00:00,2000.0,30.0,10min,0 days 00:10:00,0.4,1.0,5.0,0.0,10.0,19.0,21.0,1.0,internal_doors_only_random,DTMC,school_corridor,door_002,True,
model_210927_17-29-10,5 days,0.0,0.0,0.54,5.0,0.0069444444,09:00:00,16:00:00,2000.0,30.0,10min,0 days 00:10:00,0.45,1.0,5.0,0.0,10.0,19.0,21.0,1.0,internal_doors_only_random,DTMC,school_corridor,door_002,True,
model_210927_17-36-06,5 days,0.0,0.0,0.54,5.0,0.0069444444,09:00:00,16:00:00,2000.0,30.0,10min,0 days 00:10:00,0.5,1.0,5.0,0.0,10.0,19.0,21.0,1.0,internal_doors_only_random,DTMC,school_corridor,door_002,True,
model_210927_17-43-02,5 days,0.0,0.0,0.54,5.0,0.0069444444,09:00:00,16:00:00,2000.0,30.0,10min,0 days 00:10:00,0.55,1.0,5.0,0.0,10.0,19.0,21.0,1.0,internal_doors_only_random,DTMC,school_corridor,door_002,True,
model_210927_17-50-14,5 days,0.0,0.0,0.54,5.0,0.0069444444,09:00:00,16:00:00,2000.0,30.0,10min,0 days 00:10:00,0.6,1.0,5.0,0.0,10.0,19.0,21.0,1.0,internal_doors_only_random,DTMC,school_corridor,door_002,True,
model_210927_17-57-10,5 days,0.0,0.0,0.54,5.0,0.0069444444,09:00:00,16:00:00,2000.0,30.0,10min,0 days 00:10:00,0.65,1.0,5.0,0.0,10.0,19.0,21.0,1.0,internal_doors_only_random,DTMC,school_corridor,door_002,True,
model_210927_18-04-08,5 days,0.0,0.0,0.54,5.0,0.0069444444,09:00:00,16:00:00,2000.0,30.0,10min,0 days 00:10:00,0.7,1.0,5.0,0.0,10.0,19.0,21.0,1.0,internal_doors_only_random,DTMC,school_corridor,door_002,True,
model_210927_18-11-07,5 days,0.0,0.0,0.54,5.0,0.0069444444,09:00:00,16:00:00,2000.0,30.0,10min,0 days 00:10:00,0.75,1.0,5.0,0.0,10.0,19.0,21.0,1.0,internal_doors_only_random,DTMC,school_corridor,door_002,True,
model_210927_18-18-06,5 days,0.0,0.0,0.54,5.0,0.0069444444,09:00:00,16:00:00,2000.0,30.0,10min,0 days 00:10:00,0.8,1.0,5.0,0.0,10.0,19.0,21.0,1.0,internal_doors_only_random,DTMC,school_corridor,door_002,True,
model_210927_18-25-13,5 days,0.0,0.0,0.54,5.0,0.0069444444,09:00:00,16:00:00,2000.0,30.0,10min,0 days 00:10:00,0.85,1.0,5.0,0.0,10.0,19.0,21.0,1.0,internal_doors_only_random,DTMC,school_corridor,door_002,True,
model_210927_18-32-10,5 days,0.0,0.0,0.54,5.0,0.0069444444,09:00:00,16:00:00,2000.0,30.0,10min,0 days 00:10:00,0.9,1.0,5.0,0.0,10.0,19.0,21.0,1.0,internal_doors_only_random,DTMC,school_corridor,door_002,True,
model_210927_18-39-11,5 days,0.0,0.0,0.54,5.0,0.0069444444,09:00:00,16:00:00,2000.0,30.0,10min,0 days 00:10:00,0.95,1.0,5.0,0.0,10.0,19.0,21.0,1.0,internal_doors_only_random,DTMC,school_corridor,door_002,True,
model_210927_18-46-12,5 days,0.0,0.0,0.54,5.0,0.0069444444,09:00:00,16:00:00,2000.0,30.0,10min,0 days 00:10:00,1.0,1.0,5.0,0.0,10.0,19.0,21.0,1.0,internal_doors_only_random,DTMC,school_corridor,door_002,True,
model_210927_18-53-23,5 days,0.0,0.0,0.54,5.0,0.0069444444,09:00:00,16:00:00,2000.0,30.0,10min,0 days 00:10:00,0.0,1.0,15.0,0.0,10.0,19.0,21.0,1.0,internal_doors_only_random,DTMC,school_corridor,door_002,True,
model_210927_19-00-28,5 days,0.0,0.0,0.54,5.0,0.0069444444,09:00:00,16:00:00,2000.0,30.0,10min,0 days 00:10:00,0.05,1.0,15.0,0.0,10.0,19.0,21.0,1.0,internal_doors_only_random,DTMC,school_corridor,door_002,True,
model_210927_19-07-42,5 days,0.0,0.0,0.54,5.0,0.0069444444,09:00:00,16:00:00,2000.0,30.0,10min,0 days 00:10:00,0.1,1.0,15.0,0.0,10.0,19.0,21.0,1.0,internal_doors_only_random,DTMC,school_corridor,door_002,True,
model_210927_19-14-48,5 days,0.0,0.0,0.54,5.0,0.0069444444,09:00:00,16:00:00,2000.0,30.0,10min,0 days 00:10:00,0.15,1.0,15.0,0.0,10.0,19.0,21.0,1.0,internal_doors_only_random,DTMC,school_corridor,door_002,True,
model_210927_19-22-00,5 days,0.0,0.0,0.54,5.0,0.0069444444,09:00:00,16:00:00,2000.0,30.0,10min,0 days 00:10:00,0.2,1.0,15.0,0.0,10.0,19.0,21.0,1.0,internal_doors_only_random,DTMC,school_corridor,door_002,True,
model_210927_19-29-02,5 days,0.0,0.0,0.54,5.0,0.0069444444,09:00:00,16:00:00,2000.0,30.0,10min,0 days 00:10:00,0.25,1.0,15.0,0.0,10.0,19.0,21.0,1.0,internal_doors_only_random,DTMC,school_corridor,door_002,True,
model_210927_19-36-09,5 days,0.0,0.0,0.54,5.0,0.0069444444,09:00:00,16:00:00,2000.0,30.0,10min,0 days 00:10:00,0.3,1.0,15.0,0.0,10.0,19.0,21.0,1.0,internal_doors_only_random,DTMC,school_corridor,door_002,True,
model_210927_19-43-24,5 days,0.0,0.0,0.54,5.0,0.0069444444,09:00:00,16:00:00,2000.0,30.0,10min,0 days 00:10:00,0.35,1.0,15.0,0.0,10.0,19.0,21.0,1.0,internal_doors_only_random,DTMC,school_corridor,door_002,True,
model_210927_19-50-31,5 days,0.0,0.0,0.54,5.0,0.0069444444,09:00:00,16:00:00,2000.0,30.0,10min,0 days 00:10:00,0.4,1.0,15.0,0.0,10.0,19.0,21.0,1.0,internal_doors_only_random,DTMC,school_corridor,door_002,True,
model_210927_19-57-38,5 days,0.0,0.0,0.54,5.0,0.0069444444,09:00:00,16:00:00,2000.0,30.0,10min,0 days 00:10:00,0.45,1.0,15.0,0.0,10.0,19.0,21.0,1.0,internal_doors_only_random,DTMC,school_corridor,door_002,True,
model_210927_20-04-48,5 days,0.0,0.0,0.54,5.0,0.0069444444,09:00:00,16:00:00,2000.0,30.0,10min,0 days 00:10:00,0.5,1.0,15.0,0.0,10.0,19.0,21.0,1.0,internal_doors_only_random,DTMC,school_corridor,door_002,True,
model_210927_20-12-06,5 days,0.0,0.0,0.54,5.0,0.0069444444,09:00:00,16:00:00,2000.0,30.0,10min,0 days 00:10:00,0.55,1.0,15.0,0.0,10.0,19.0,21.0,1.0,internal_doors_only_random,DTMC,school_corridor,door_002,True,
model_210927_20-19-22,5 days,0.0,0.0,0.54,5.0,0.0069444444,09:00:00,16:00:00,2000.0,30.0,10min,0 days 00:10:00,0.6,1.0,15.0,0.0,10.0,19.0,21.0,1.0,internal_doors_only_random,DTMC,school_corridor,door_002,True,
model_210927_20-26-32,5 days,0.0,0.0,0.54,5.0,0.0069444444,09:00:00,16:00:00,2000.0,30.0,10min,0 days 00:10:00,0.65,1.0,15.0,0.0,10.0,19.0,21.0,1.0,internal_doors_only_random,DTMC,school_corridor,door_002,True,
model_210927_20-33-49,5 days,0.0,0.0,0.54,5.0,0.0069444444,09:00:00,16:00:00,2000.0,30.0,10min,0 days 00:10:00,0.7,1.0,15.0,0.0,10.0,19.0,21.0,1.0,internal_doors_only_random,DTMC,school_corridor,door_002,True,
model_210927_20-41-01,5 days,0.0,0.0,0.54,5.0,0.0069444444,09:00:00,16:00:00,2000.0,30.0,10min,0 days 00:10:00,0.75,1.0,15.0,0.0,10.0,19.0,21.0,1.0,internal_doors_only_random,DTMC,school_corridor,door_002,True,
model_210927_20-48-15,5 days,0.0,0.0,0.54,5.0,0.0069444444,09:00:00,16:00:00,2000.0,30.0,10min,0 days 00:10:00,0.8,1.0,15.0,0.0,10.0,19.0,21.0,1.0,internal_doors_only_random,DTMC,school_corridor,door_002,True,
model_210927_20-55-24,5 days,0.0,0.0,0.54,5.0,0.0069444444,09:00:00,16:00:00,2000.0,30.0,10min,0 days 00:10:00,0.85,1.0,15.0,0.0,10.0,19.0,21.0,1.0,internal_doors_only_random,DTMC,school_corridor,door_002,True,
model_210927_21-02-36,5 days,0.0,0.0,0.54,5.0,0.0069444444,09:00:00,16:00:00,2000.0,30.0,10min,0 days 00:10:00,0.9,1.0,15.0,0.0,10.0,19.0,21.0,1.0,internal_doors_only_random,DTMC,school_corridor,door_002,True,
model_210927_21-09-45,5 days,0.0,0.0,0.54,5.0,0.0069444444,09:00:00,16:00:00,2000.0,30.0,10min,0 days 00:10:00,0.95,1.0,15.0,0.0,10.0,19.0,21.0,1.0,internal_doors_only_random,DTMC,school_corridor,door_002,True,
model_210927_21-16-55,5 days,0.0,0.0,0.54,5.0,0.0069444444,09:00:00,16:00:00,2000.0,30.0,10min,0 days 00:10:00,1.0,1.0,15.0,0.0,10.0,19.0,21.0,1.0,internal_doors_only_random,DTMC,school_corridor,door_002,True,
model_210927_21-23-46,5 days,0.0,0.0,0.54,5.0,0.0069444444,09:00:00,16:00:00,2000.0,30.0,10min,0 days 00:10:00,0.0,1.0,5.0,0.0,15.0,19.0,21.0,1.0,internal_doors_only_random,DTMC,school_corridor,door_002,True,
model_210927_21-30-38,5 days,0.0,0.0,0.54,5.0,0.0069444444,09:00:00,16:00:00,2000.0,30.0,10min,0 days 00:10:00,0.05,1.0,5.0,0.0,15.0,19.0,21.0,1.0,internal_doors_only_random,DTMC,school_corridor,door_002,True,
model_210927_21-37-34,5 days,0.0,0.0,0.54,5.0,0.0069444444,09:00:00,16:00:00,2000.0,30.0,10min,0 days 00:10:00,0.1,1.0,5.0,0.0,15.0,19.0,21.0,1.0,internal_doors_only_random,DTMC,school_corridor,door_002,True,
model_210927_21-44-27,5 days,0.0,0.0,0.54,5.0,0.0069444444,09:00:00,16:00:00,2000.0,30.0,10min,0 days 00:10:00,0.15,1.0,5.0,0.0,15.0,19.0,21.0,1.0,internal_doors_only_random,DTMC,school_corridor,door_002,True,
model_210927_21-51-23,5 days,0.0,0.0,0.54,5.0,0.0069444444,09:00:00,16:00:00,2000.0,30.0,10min,0 days 00:10:00,0.2,1.0,5.0,0.0,15.0,19.0,21.0,1.0,internal_doors_only_random,DTMC,school_corridor,door_002,True,
model_210927_21-58-17,5 days,0.0,0.0,0.54,5.0,0.0069444444,09:00:00,16:00:00,2000.0,30.0,10min,0 days 00:10:00,0.25,1.0,5.0,0.0,15.0,19.0,21.0,1.0,internal_doors_only_random,DTMC,school_corridor,door_002,True,
model_210927_22-05-17,5 days,0.0,0.0,0.54,5.0,0.0069444444,09:00:00,16:00:00,2000.0,30.0,10min,0 days 00:10:00,0.3,1.0,5.0,0.0,15.0,19.0,21.0,1.0,internal_doors_only_random,DTMC,school_corridor,door_002,True,
model_210927_22-12-17,5 days,0.0,0.0,0.54,5.0,0.0069444444,09:00:00,16:00:00,2000.0,30.0,10min,0 days 00:10:00,0.35,1.0,5.0,0.0,15.0,19.0,21.0,1.0,internal_doors_only_random,DTMC,school_corridor,door_002,True,
model_210927_22-19-14,5 days,0.0,0.0,0.54,5.0,0.0069444444,09:00:00,16:00:00,2000.0,30.0,10min,0 days 00:10:00,0.4,1.0,5.0,0.0,15.0,19.0,21.0,1.0,internal_doors_only_random,DTMC,school_corridor,door_002,True,
model_210927_22-26-13,5 days,0.0,0.0,0.54,5.0,0.0069444444,09:00:00,16:00:00,2000.0,30.0,10min,0 days 00:10:00,0.45,1.0,5.0,0.0,15.0,19.0,21.0,1.0,internal_doors_only_random,DTMC,school_corridor,door_002,True,
model_210927_22-33-06,5 days,0.0,0.0,0.54,5.0,0.0069444444,09:00:00,16:00:00,2000.0,30.0,10min,0 days 00:10:00,0.5,1.0,5.0,0.0,15.0,19.0,21.0,1.0,internal_doors_only_random,DTMC,school_corridor,door_002,True,
model_210927_22-40-05,5 days,0.0,0.0,0.54,5.0,0.0069444444,09:00:00,16:00:00,2000.0,30.0,10min,0 days 00:10:00,0.55,1.0,5.0,0.0,15.0,19.0,21.0,1.0,internal_doors_only_random,DTMC,school_corridor,door_002,True,
model_210927_22-46-53,5 days,0.0,0.0,0.54,5.0,0.0069444444,09:00:00,16:00:00,2000.0,30.0,10min,0 days 00:10:00,0.6,1.0,5.0,0.0,15.0,19.0,21.0,1.0,internal_doors_only_random,DTMC,school_corridor,door_002,True,
model_210927_22-53-45,5 days,0.0,0.0,0.54,5.0,0.0069444444,09:00:00,16:00:00,2000.0,30.0,10min,0 days 00:10:00,0.65,1.0,5.0,0.0,15.0,19.0,21.0,1.0,internal_doors_only_random,DTMC,school_corridor,door_002,True,
model_210927_23-00-39,5 days,0.0,0.0,0.54,5.0,0.0069444444,09:00:00,16:00:00,2000.0,30.0,10min,0 days 00:10:00,0.7,1.0,5.0,0.0,15.0,19.0,21.0,1.0,internal_doors_only_random,DTMC,school_corridor,door_002,True,
model_210927_23-07-27,5 days,0.0,0.0,0.54,5.0,0.0069444444,09:00:00,16:00:00,2000.0,30.0,10min,0 days 00:10:00,0.75,1.0,5.0,0.0,15.0,19.0,21.0,1.0,internal_doors_only_random,DTMC,school_corridor,door_002,True,
model_210927_23-14-20,5 days,0.0,0.0,0.54,5.0,0.0069444444,09:00:00,16:00:00,2000.0,30.0,10min,0 days 00:10:00,0.8,1.0,5.0,0.0,15.0,19.0,21.0,1.0,internal_doors_only_random,DTMC,school_corridor,door_002,True,
model_210927_23-21-11,5 days,0.0,0.0,0.54,5.0,0.0069444444,09:00:00,16:00:00,2000.0,30.0,10min,0 days 00:10:00,0.85,1.0,5.0,0.0,15.0,19.0,21.0,1.0,internal_doors_only_random,DTMC,school_corridor,door_002,True,
model_210927_23-28-02,5 days,0.0,0.0,0.54,5.0,0.0069444444,09:00:00,16:00:00,2000.0,30.0,10min,0 days 00:10:00,0.9,1.0,5.0,0.0,15.0,19.0,21.0,1.0,internal_doors_only_random,DTMC,school_corridor,door_002,True,
model_210927_23-34-55,5 days,0.0,0.0,0.54,5.0,0.0069444444,09:00:00,16:00:00,2000.0,30.0,10min,0 days 00:10:00,0.95,1.0,5.0,0.0,15.0,19.0,21.0,1.0,internal_doors_only_random,DTMC,school_corridor,door_002,True,
model_210927_23-41-40,5 days,0.0,0.0,0.54,5.0,0.0069444444,09:00:00,16:00:00,2000.0,30.0,10min,0 days 00:10:00,1.0,1.0,5.0,0.0,15.0,19.0,21.0,1.0,internal_doors_only_random,DTMC,school_corridor,door_002,True,
model_210927_23-48-38,5 days,0.0,0.0,0.54,5.0,0.0069444444,09:00:00,16:00:00,2000.0,30.0,10min,0 days 00:10:00,0.0,1.0,15.0,0.0,15.0,19.0,21.0,1.0,internal_doors_only_random,DTMC,school_corridor,door_002,True,
model_210927_23-55-44,5 days,0.0,0.0,0.54,5.0,0.0069444444,09:00:00,16:00:00,2000.0,30.0,10min,0 days 00:10:00,0.05,1.0,15.0,0.0,15.0,19.0,21.0,1.0,internal_doors_only_random,DTMC,school_corridor,door_002,True,
model_210928_00-02-50,5 days,0.0,0.0,0.54,5.0,0.0069444444,09:00:00,16:00:00,2000.0,30.0,10min,0 days 00:10:00,0.1,1.0,15.0,0.0,15.0,19.0,21.0,1.0,internal_doors_only_random,DTMC,school_corridor,door_002,True,
model_210928_00-09-52,5 days,0.0,0.0,0.54,5.0,0.0069444444,09:00:00,16:00:00,2000.0,30.0,10min,0 days 00:10:00,0.15,1.0,15.0,0.0,15.0,19.0,21.0,1.0,internal_doors_only_random,DTMC,school_corridor,door_002,True,
model_210928_00-16-55,5 days,0.0,0.0,0.54,5.0,0.0069444444,09:00:00,16:00:00,2000.0,30.0,10min,0 days 00:10:00,0.2,1.0,15.0,0.0,15.0,19.0,21.0,1.0,internal_doors_only_random,DTMC,school_corridor,door_002,True,
model_210928_00-24-04,5 days,0.0,0.0,0.54,5.0,0.0069444444,09:00:00,16:00:00,2000.0,30.0,10min,0 days 00:10:00,0.25,1.0,15.0,0.0,15.0,19.0,21.0,1.0,internal_doors_only_random,DTMC,school_corridor,door_002,True,
model_210928_00-31-21,5 days,0.0,0.0,0.54,5.0,0.0069444444,09:00:00,16:00:00,2000.0,30.0,10min,0 days 00:10:00,0.3,1.0,15.0,0.0,15.0,19.0,21.0,1.0,internal_doors_only_random,DTMC,school_corridor,door_002,True,
model_210928_00-38-25,5 days,0.0,0.0,0.54,5.0,0.0069444444,09:00:00,16:00:00,2000.0,30.0,10min,0 days 00:10:00,0.35,1.0,15.0,0.0,15.0,19.0,21.0,1.0,internal_doors_only_random,DTMC,school_corridor,door_002,True,
model_210928_00-45-31,5 days,0.0,0.0,0.54,5.0,0.0069444444,09:00:00,16:00:00,2000.0,30.0,10min,0 days 00:10:00,0.4,1.0,15.0,0.0,15.0,19.0,21.0,1.0,internal_doors_only_random,DTMC,school_corridor,door_002,True,
model_210928_00-52-40,5 days,0.0,0.0,0.54,5.0,0.0069444444,09:00:00,16:00:00,2000.0,30.0,10min,0 days 00:10:00,0.45,1.0,15.0,0.0,15.0,19.0,21.0,1.0,internal_doors_only_random,DTMC,school_corridor,door_002,True,
model_210928_00-59-47,5 days,0.0,0.0,0.54,5.0,0.0069444444,09:00:00,16:00:00,2000.0,30.0,10min,0 days 00:10:00,0.5,1.0,15.0,0.0,15.0,19.0,21.0,1.0,internal_doors_only_random,DTMC,school_corridor,door_002,True,
model_210928_01-06-54,5 days,0.0,0.0,0.54,5.0,0.0069444444,09:00:00,16:00:00,2000.0,30.0,10min,0 days 00:10:00,0.55,1.0,15.0,0.0,15.0,19.0,21.0,1.0,internal_doors_only_random,DTMC,school_corridor,door_002,True,
model_210928_01-13-55,5 days,0.0,0.0,0.54,5.0,0.0069444444,09:00:00,16:00:00,2000.0,30.0,10min,0 days 00:10:00,0.6,1.0,15.0,0.0,15.0,19.0,21.0,1.0,internal_doors_only_random,DTMC,school_corridor,door_002,True,
model_210928_01-21-01,5 days,0.0,0.0,0.54,5.0,0.0069444444,09:00:00,16:00:00,2000.0,30.0,10min,0 days 00:10:00,0.65,1.0,15.0,0.0,15.0,19.0,21.0,1.0,internal_doors_only_random,DTMC,school_corridor,door_002,True,
model_210928_01-28-05,5 days,0.0,0.0,0.54,5.0,0.0069444444,09:00:00,16:00:00,2000.0,30.0,10min,0 days 00:10:00,0.7,1.0,15.0,0.0,15.0,19.0,21.0,1.0,internal_doors_only_random,DTMC,school_corridor,door_002,True,
model_210928_01-35-06,5 days,0.0,0.0,0.54,5.0,0.0069444444,09:00:00,16:00:00,2000.0,30.0,10min,0 days 00:10:00,0.75,1.0,15.0,0.0,15.0,19.0,21.0,1.0,internal_doors_only_random,DTMC,school_corridor,door_002,True,
model_210928_01-42-18,5 days,0.0,0.0,0.54,5.0,0.0069444444,09:00:00,16:00:00,2000.0,30.0,10min,0 days 00:10:00,0.8,1.0,15.0,0.0,15.0,19.0,21.0,1.0,internal_doors_only_random,DTMC,school_corridor,door_002,True,
model_210928_01-49-30,5 days,0.0,0.0,0.54,5.0,0.0069444444,09:00:00,16:00:00,2000.0,30.0,10min,0 days 00:10:00,0.85,1.0,15.0,0.0,15.0,19.0,21.0,1.0,internal_doors_only_random,DTMC,school_corridor,door_002,True,
model_210928_01-56-37,5 days,0.0,0.0,0.54,5.0,0.0069444444,09:00:00,16:00:00,2000.0,30.0,10min,0 days 00:10:00,0.9,1.0,15.0,0.0,15.0,19.0,21.0,1.0,internal_doors_only_random,DTMC,school_corridor,door_002,True,
model_210928_02-03-44,5 days,0.0,0.0,0.54,5.0,0.0069444444,09:00:00,16:00:00,2000.0,30.0,10min,0 days 00:10:00,0.95,1.0,15.0,0.0,15.0,19.0,21.0,1.0,internal_doors_only_random,DTMC,school_corridor,door_002,True,
model_210928_02-10-54,5 days,0.0,0.0,0.54,5.0,0.0069444444,09:00:00,16:00:00,2000.0,30.0,10min,0 days 00:10:00,1.0,1.0,15.0,0.0,15.0,19.0,21.0,1.0,internal_doors_only_random,DTMC,school_corridor,door_002,True,
model_210928_15-41-57_CTMC,5 days,0.0,0.0,0.54,5.0,0.0069444444,09:00:00,16:00:00,4000.0,30.0,5min,0 days 00:05:00,1.0,1.0,5.0,0.0,10.0,19.0,21.0,1.0,all_doors_only_random,CTMC,school_corridor,compare_methods_001_v2,False,
model_210928_15-48-17_DTMC_ts_30.0,5 days,0.0,0.0,0.54,5.0,0.0069444444,09:00:00,16:00:00,4000.0,30.0,5min,0 days 00:30:00,1.0,1.0,5.0,0.0,10.0,19.0,21.0,1.0,all_doors_only_random,DTMC,school_corridor,compare_methods_001_v2,False,
model_210928_16-01-38_DTMC_ts_15.0,5 days,0.0,0.0,0.54,5.0,0.0069444444,09:00:00,16:00:00,4000.0,30.0,5min,0 days 00:15:00,1.0,1.0,5.0,0.0,10.0,19.0,21.0,1.0,all_doors_only_random,DTMC,school_corridor,compare_methods_001_v2,False,
model_210928_16-21-28_DTMC_ts_10.0,5 days,0.0,0.0,0.54,5.0,0.0069444444,09:00:00,16:00:00,4000.0,30.0,5min,0 days 00:10:00,1.0,1.0,5.0,0.0,10.0,19.0,21.0,1.0,all_doors_only_random,DTMC,school_corridor,compare_methods_001_v2,False,
model_210928_16-57-32_DTMC_ts_5.0,5 days,0.0,0.0,0.54,5.0,0.0069444444,09:00:00,16:00:00,4000.0,30.0,5min,0 days 00:05:00,1.0,1.0,5.0,0.0,10.0,19.0,21.0,1.0,all_doors_only_random,DTMC,school_corridor,compare_methods_001_v2,False,
model_210928_18-18-18_DTMC_ts_2.0,5 days,0.0,0.0,0.54,5.0,0.0069444444,09:00:00,16:00:00,4000.0,30.0,5min,0 days 00:02:00,1.0,1.0,5.0,0.0,10.0,19.0,21.0,1.0,all_doors_only_random,DTMC,school_corridor,compare_methods_001_v2,False,
model_210930_13-33-54,5 days,0.0,0.0,0.54,10.0,0.0069444444444444,09:00:00,16:00:00,2000.0,30.0,10min,0 days 00:10:00,0.0,1.0,5.0,0.0,5.0,19.0,21.0,1.0,internal_doors_only_random,DTMC,school_corridor,door_004_q10,True,
model_210930_13-39-18,5 days,0.0,0.0,0.54,10.0,0.0069444444444444,09:00:00,16:00:00,2000.0,30.0,10min,0 days 00:10:00,0.1,1.0,5.0,0.0,5.0,19.0,21.0,1.0,internal_doors_only_random,DTMC,school_corridor,door_004_q10,True,
model_210930_13-44-32,5 days,0.0,0.0,0.54,10.0,0.0069444444444444,09:00:00,16:00:00,2000.0,30.0,10min,0 days 00:10:00,0.2,1.0,5.0,0.0,5.0,19.0,21.0,1.0,internal_doors_only_random,DTMC,school_corridor,door_004_q10,True,
model_210930_13-49-45,5 days,0.0,0.0,0.54,10.0,0.0069444444444444,09:00:00,16:00:00,2000.0,30.0,10min,0 days 00:10:00,0.3,1.0,5.0,0.0,5.0,19.0,21.0,1.0,internal_doors_only_random,DTMC,school_corridor,door_004_q10,True,
model_210930_13-54-53,5 days,0.0,0.0,0.54,10.0,0.0069444444444444,09:00:00,16:00:00,2000.0,30.0,10min,0 days 00:10:00,0.4,1.0,5.0,0.0,5.0,19.0,21.0,1.0,internal_doors_only_random,DTMC,school_corridor,door_004_q10,True,
model_210930_14-00-00,5 days,0.0,0.0,0.54,10.0,0.0069444444444444,09:00:00,16:00:00,2000.0,30.0,10min,0 days 00:10:00,0.5,1.0,5.0,0.0,5.0,19.0,21.0,1.0,internal_doors_only_random,DTMC,school_corridor,door_004_q10,True,
model_210930_14-05-12,5 days,0.0,0.0,0.54,10.0,0.0069444444444444,09:00:00,16:00:00,2000.0,30.0,10min,0 days 00:10:00,0.6,1.0,5.0,0.0,5.0,19.0,21.0,1.0,internal_doors_only_random,DTMC,school_corridor,door_004_q10,True,
model_210930_14-10-26,5 days,0.0,0.0,0.54,10.0,0.0069444444444444,09:00:00,16:00:00,2000.0,30.0,10min,0 days 00:10:00,0.7,1.0,5.0,0.0,5.0,19.0,21.0,1.0,internal_doors_only_random,DTMC,school_corridor,door_004_q10,True,
model_210930_14-15-49,5 days,0.0,0.0,0.54,10.0,0.0069444444444444,09:00:00,16:00:00,2000.0,30.0,10min,0 days 00:10:00,0.8,1.0,5.0,0.0,5.0,19.0,21.0,1.0,internal_doors_only_random,DTMC,school_corridor,door_004_q10,True,
model_210930_14-21-07,5 days,0.0,0.0,0.54,10.0,0.0069444444444444,09:00:00,16:00:00,2000.0,30.0,10min,0 days 00:10:00,0.9,1.0,5.0,0.0,5.0,19.0,21.0,1.0,internal_doors_only_random,DTMC,school_corridor,door_004_q10,True,
model_210930_14-26-25,5 days,0.0,0.0,0.54,10.0,0.0069444444444444,09:00:00,16:00:00,2000.0,30.0,10min,0 days 00:10:00,1.0,1.0,5.0,0.0,5.0,19.0,21.0,1.0,internal_doors_only_random,DTMC,school_corridor,door_004_q10,True,
model_210930_14-31-44,5 days,0.0,0.0,0.54,10.0,0.0069444444444444,09:00:00,16:00:00,2000.0,30.0,10min,0 days 00:10:00,0.0,1.0,15.0,0.0,5.0,19.0,21.0,1.0,internal_doors_only_random,DTMC,school_corridor,door_004_q10,True,
model_210930_14-36-59,5 days,0.0,0.0,0.54,10.0,0.0069444444444444,09:00:00,16:00:00,2000.0,30.0,10min,0 days 00:10:00,0.1,1.0,15.0,0.0,5.0,19.0,21.0,1.0,internal_doors_only_random,DTMC,school_corridor,door_004_q10,True,
model_210930_14-42-16,5 days,0.0,0.0,0.54,10.0,0.0069444444444444,09:00:00,16:00:00,2000.0,30.0,10min,0 days 00:10:00,0.2,1.0,15.0,0.0,5.0,19.0,21.0,1.0,internal_doors_only_random,DTMC,school_corridor,door_004_q10,True,
model_210930_14-47-34,5 days,0.0,0.0,0.54,10.0,0.0069444444444444,09:00:00,16:00:00,2000.0,30.0,10min,0 days 00:10:00,0.3,1.0,15.0,0.0,5.0,19.0,21.0,1.0,internal_doors_only_random,DTMC,school_corridor,door_004_q10,True,
model_210930_14-53-01,5 days,0.0,0.0,0.54,10.0,0.0069444444444444,09:00:00,16:00:00,2000.0,30.0,10min,0 days 00:10:00,0.4,1.0,15.0,0.0,5.0,19.0,21.0,1.0,internal_doors_only_random,DTMC,school_corridor,door_004_q10,True,
model_210930_14-58-20,5 days,0.0,0.0,0.54,10.0,0.0069444444444444,09:00:00,16:00:00,2000.0,30.0,10min,0 days 00:10:00,0.5,1.0,15.0,0.0,5.0,19.0,21.0,1.0,internal_doors_only_random,DTMC,school_corridor,door_004_q10,True,
model_210930_15-03-44,5 days,0.0,0.0,0.54,10.0,0.0069444444444444,09:00:00,16:00:00,2000.0,30.0,10min,0 days 00:10:00,0.6,1.0,15.0,0.0,5.0,19.0,21.0,1.0,internal_doors_only_random,DTMC,school_corridor,door_004_q10,True,
model_210930_15-09-13,5 days,0.0,0.0,0.54,10.0,0.0069444444444444,09:00:00,16:00:00,2000.0,30.0,10min,0 days 00:10:00,0.7,1.0,15.0,0.0,5.0,19.0,21.0,1.0,internal_doors_only_random,DTMC,school_corridor,door_004_q10,True,
model_210930_15-14-40,5 days,0.0,0.0,0.54,10.0,0.0069444444444444,09:00:00,16:00:00,2000.0,30.0,10min,0 days 00:10:00,0.8,1.0,15.0,0.0,5.0,19.0,21.0,1.0,internal_doors_only_random,DTMC,school_corridor,door_004_q10,True,
model_210930_15-20-03,5 days,0.0,0.0,0.54,10.0,0.0069444444444444,09:00:00,16:00:00,2000.0,30.0,10min,0 days 00:10:00,0.9,1.0,15.0,0.0,5.0,19.0,21.0,1.0,internal_doors_only_random,DTMC,school_corridor,door_004_q10,True,
model_210930_15-25-23,5 days,0.0,0.0,0.54,10.0,0.0069444444444444,09:00:00,16:00:00,2000.0,30.0,10min,0 days 00:10:00,1.0,1.0,15.0,0.0,5.0,19.0,21.0,1.0,internal_doors_only_random,DTMC,school_corridor,door_004_q10,True,
model_210930_15-30-31,5 days,0.0,0.0,0.54,10.0,0.0069444444444444,09:00:00,16:00:00,2000.0,30.0,10min,0 days 00:10:00,0.0,1.0,5.0,0.0,10.0,19.0,21.0,1.0,internal_doors_only_random,DTMC,school_corridor,door_004_q10,True,
model_210930_15-34-41,5 days,0.0,0.0,0.54,10.0,0.0069444444444444,09:00:00,16:00:00,2000.0,30.0,10min,0 days 00:10:00,0.1,1.0,5.0,0.0,10.0,19.0,21.0,1.0,internal_doors_only_random,DTMC,school_corridor,door_004_q10,True,
model_210930_15-39-21,5 days,0.0,0.0,0.54,10.0,0.0069444444444444,09:00:00,16:00:00,2000.0,30.0,10min,0 days 00:10:00,0.2,1.0,5.0,0.0,10.0,19.0,21.0,1.0,internal_doors_only_random,DTMC,school_corridor,door_004_q10,True,
model_210930_15-43-27,5 days,0.0,0.0,0.54,10.0,0.0069444444444444,09:00:00,16:00:00,2000.0,30.0,10min,0 days 00:10:00,0.3,1.0,5.0,0.0,10.0,19.0,21.0,1.0,internal_doors_only_random,DTMC,school_corridor,door_004_q10,True,
model_210930_15-47-29,5 days,0.0,0.0,0.54,10.0,0.0069444444444444,09:00:00,16:00:00,2000.0,30.0,10min,0 days 00:10:00,0.4,1.0,5.0,0.0,10.0,19.0,21.0,1.0,internal_doors_only_random,DTMC,school_corridor,door_004_q10,True,
model_210930_15-51-34,5 days,0.0,0.0,0.54,10.0,0.0069444444444444,09:00:00,16:00:00,2000.0,30.0,10min,0 days 00:10:00,0.5,1.0,5.0,0.0,10.0,19.0,21.0,1.0,internal_doors_only_random,DTMC,school_corridor,door_004_q10,True,
model_210930_15-55-49,5 days,0.0,0.0,0.54,10.0,0.0069444444444444,09:00:00,16:00:00,2000.0,30.0,10min,0 days 00:10:00,0.6,1.0,5.0,0.0,10.0,19.0,21.0,1.0,internal_doors_only_random,DTMC,school_corridor,door_004_q10,True,
model_210930_15-59-52,5 days,0.0,0.0,0.54,10.0,0.0069444444444444,09:00:00,16:00:00,2000.0,30.0,10min,0 days 00:10:00,0.7,1.0,5.0,0.0,10.0,19.0,21.0,1.0,internal_doors_only_random,DTMC,school_corridor,door_004_q10,True,
model_210930_16-04-25,5 days,0.0,0.0,0.54,10.0,0.0069444444444444,09:00:00,16:00:00,2000.0,30.0,10min,0 days 00:10:00,0.8,1.0,5.0,0.0,10.0,19.0,21.0,1.0,internal_doors_only_random,DTMC,school_corridor,door_004_q10,True,
model_210930_16-08-39,5 days,0.0,0.0,0.54,10.0,0.0069444444444444,09:00:00,16:00:00,2000.0,30.0,10min,0 days 00:10:00,0.9,1.0,5.0,0.0,10.0,19.0,21.0,1.0,internal_doors_only_random,DTMC,school_corridor,door_004_q10,True,
model_210930_16-12-44,5 days,0.0,0.0,0.54,10.0,0.0069444444444444,09:00:00,16:00:00,2000.0,30.0,10min,0 days 00:10:00,1.0,1.0,5.0,0.0,10.0,19.0,21.0,1.0,internal_doors_only_random,DTMC,school_corridor,door_004_q10,True,
model_210930_16-17-04,5 days,0.0,0.0,0.54,10.0,0.0069444444444444,09:00:00,16:00:00,2000.0,30.0,10min,0 days 00:10:00,0.0,1.0,15.0,0.0,10.0,19.0,21.0,1.0,internal_doors_only_random,DTMC,school_corridor,door_004_q10,True,
model_210930_16-22-01,5 days,0.0,0.0,0.54,10.0,0.0069444444444444,09:00:00,16:00:00,2000.0,30.0,10min,0 days 00:10:00,0.1,1.0,15.0,0.0,10.0,19.0,21.0,1.0,internal_doors_only_random,DTMC,school_corridor,door_004_q10,True,
model_210930_16-26-57,5 days,0.0,0.0,0.54,10.0,0.0069444444444444,09:00:00,16:00:00,2000.0,30.0,10min,0 days 00:10:00,0.2,1.0,15.0,0.0,10.0,19.0,21.0,1.0,internal_doors_only_random,DTMC,school_corridor,door_004_q10,True,
model_210930_16-31-10,5 days,0.0,0.0,0.54,10.0,0.0069444444444444,09:00:00,16:00:00,2000.0,30.0,10min,0 days 00:10:00,0.3,1.0,15.0,0.0,10.0,19.0,21.0,1.0,internal_doors_only_random,DTMC,school_corridor,door_004_q10,True,
model_210930_16-35-15,5 days,0.0,0.0,0.54,10.0,0.0069444444444444,09:00:00,16:00:00,2000.0,30.0,10min,0 days 00:10:00,0.4,1.0,15.0,0.0,10.0,19.0,21.0,1.0,internal_doors_only_random,DTMC,school_corridor,door_004_q10,True,
model_210930_16-39-27,5 days,0.0,0.0,0.54,10.0,0.0069444444444444,09:00:00,16:00:00,2000.0,30.0,10min,0 days 00:10:00,0.5,1.0,15.0,0.0,10.0,19.0,21.0,1.0,internal_doors_only_random,DTMC,school_corridor,door_004_q10,True,
model_210930_16-43-34,5 days,0.0,0.0,0.54,10.0,0.0069444444444444,09:00:00,16:00:00,2000.0,30.0,10min,0 days 00:10:00,0.6,1.0,15.0,0.0,10.0,19.0,21.0,1.0,internal_doors_only_random,DTMC,school_corridor,door_004_q10,True,
model_210930_16-47-37,5 days,0.0,0.0,0.54,10.0,0.0069444444444444,09:00:00,16:00:00,2000.0,30.0,10min,0 days 00:10:00,0.7,1.0,15.0,0.0,10.0,19.0,21.0,1.0,internal_doors_only_random,DTMC,school_corridor,door_004_q10,True,
model_210930_16-51-40,5 days,0.0,0.0,0.54,10.0,0.0069444444444444,09:00:00,16:00:00,2000.0,30.0,10min,0 days 00:10:00,0.8,1.0,15.0,0.0,10.0,19.0,21.0,1.0,internal_doors_only_random,DTMC,school_corridor,door_004_q10,True,
model_210930_16-55-40,5 days,0.0,0.0,0.54,10.0,0.0069444444444444,09:00:00,16:00:00,2000.0,30.0,10min,0 days 00:10:00,0.9,1.0,15.0,0.0,10.0,19.0,21.0,1.0,internal_doors_only_random,DTMC,school_corridor,door_004_q10,True,
model_210930_16-59-35,5 days,0.0,0.0,0.54,10.0,0.0069444444444444,09:00:00,16:00:00,2000.0,30.0,10min,0 days 00:10:00,1.0,1.0,15.0,0.0,10.0,19.0,21.0,1.0,internal_doors_only_random,DTMC,school_corridor,door_004_q10,True,
model_210930_13-49-08,5 days,0.0,0.0,0.54,25.0,0.0069444444444444,09:00:00,16:00:00,2000.0,30.0,10min,0 days 00:10:00,0.0,1.0,5.0,0.0,5.0,19.0,21.0,1.0,internal_doors_only_random,DTMC,school_corridor,door_005_q25,True,
model_210930_13-54-43,5 days,0.0,0.0,0.54,25.0,0.0069444444444444,09:00:00,16:00:00,2000.0,30.0,10min,0 days 00:10:00,0.1,1.0,5.0,0.0,5.0,19.0,21.0,1.0,internal_doors_only_random,DTMC,school_corridor,door_005_q25,True,
model_210930_14-00-22,5 days,0.0,0.0,0.54,25.0,0.0069444444444444,09:00:00,16:00:00,2000.0,30.0,10min,0 days 00:10:00,0.2,1.0,5.0,0.0,5.0,19.0,21.0,1.0,internal_doors_only_random,DTMC,school_corridor,door_005_q25,True,
model_210930_14-05-53,5 days,0.0,0.0,0.54,25.0,0.0069444444444444,09:00:00,16:00:00,2000.0,30.0,10min,0 days 00:10:00,0.3,1.0,5.0,0.0,5.0,19.0,21.0,1.0,internal_doors_only_random,DTMC,school_corridor,door_005_q25,True,
model_210930_14-11-22,5 days,0.0,0.0,0.54,25.0,0.0069444444444444,09:00:00,16:00:00,2000.0,30.0,10min,0 days 00:10:00,0.4,1.0,5.0,0.0,5.0,19.0,21.0,1.0,internal_doors_only_random,DTMC,school_corridor,door_005_q25,True,
model_210930_14-16-52,5 days,0.0,0.0,0.54,25.0,0.0069444444444444,09:00:00,16:00:00,2000.0,30.0,10min,0 days 00:10:00,0.5,1.0,5.0,0.0,5.0,19.0,21.0,1.0,internal_doors_only_random,DTMC,school_corridor,door_005_q25,True,
model_210930_14-22-27,5 days,0.0,0.0,0.54,25.0,0.0069444444444444,09:00:00,16:00:00,2000.0,30.0,10min,0 days 00:10:00,0.6,1.0,5.0,0.0,5.0,19.0,21.0,1.0,internal_doors_only_random,DTMC,school_corridor,door_005_q25,True,
model_210930_14-28-01,5 days,0.0,0.0,0.54,25.0,0.0069444444444444,09:00:00,16:00:00,2000.0,30.0,10min,0 days 00:10:00,0.7,1.0,5.0,0.0,5.0,19.0,21.0,1.0,internal_doors_only_random,DTMC,school_corridor,door_005_q25,True,
model_210930_14-33-39,5 days,0.0,0.0,0.54,25.0,0.0069444444444444,09:00:00,16:00:00,2000.0,30.0,10min,0 days 00:10:00,0.8,1.0,5.0,0.0,5.0,19.0,21.0,1.0,internal_doors_only_random,DTMC,school_corridor,door_005_q25,True,
model_210930_14-39-12,5 days,0.0,0.0,0.54,25.0,0.0069444444444444,09:00:00,16:00:00,2000.0,30.0,10min,0 days 00:10:00,0.9,1.0,5.0,0.0,5.0,19.0,21.0,1.0,internal_doors_only_random,DTMC,school_corridor,door_005_q25,True,
model_210930_14-44-45,5 days,0.0,0.0,0.54,25.0,0.0069444444444444,09:00:00,16:00:00,2000.0,30.0,10min,0 days 00:10:00,1.0,1.0,5.0,0.0,5.0,19.0,21.0,1.0,internal_doors_only_random,DTMC,school_corridor,door_005_q25,True,
model_210930_14-50-17,5 days,0.0,0.0,0.54,25.0,0.0069444444444444,09:00:00,16:00:00,2000.0,30.0,10min,0 days 00:10:00,0.0,1.0,15.0,0.0,5.0,19.0,21.0,1.0,internal_doors_only_random,DTMC,school_corridor,door_005_q25,True,
model_210930_14-55-57,5 days,0.0,0.0,0.54,25.0,0.0069444444444444,09:00:00,16:00:00,2000.0,30.0,10min,0 days 00:10:00,0.1,1.0,15.0,0.0,5.0,19.0,21.0,1.0,internal_doors_only_random,DTMC,school_corridor,door_005_q25,True,
model_210930_15-01-34,5 days,0.0,0.0,0.54,25.0,0.0069444444444444,09:00:00,16:00:00,2000.0,30.0,10min,0 days 00:10:00,0.2,1.0,15.0,0.0,5.0,19.0,21.0,1.0,internal_doors_only_random,DTMC,school_corridor,door_005_q25,True,
model_210930_15-07-06,5 days,0.0,0.0,0.54,25.0,0.0069444444444444,09:00:00,16:00:00,2000.0,30.0,10min,0 days 00:10:00,0.3,1.0,15.0,0.0,5.0,19.0,21.0,1.0,internal_doors_only_random,DTMC,school_corridor,door_005_q25,True,
model_210930_15-12-48,5 days,0.0,0.0,0.54,25.0,0.0069444444444444,09:00:00,16:00:00,2000.0,30.0,10min,0 days 00:10:00,0.4,1.0,15.0,0.0,5.0,19.0,21.0,1.0,internal_doors_only_random,DTMC,school_corridor,door_005_q25,True,
model_210930_15-18-25,5 days,0.0,0.0,0.54,25.0,0.0069444444444444,09:00:00,16:00:00,2000.0,30.0,10min,0 days 00:10:00,0.5,1.0,15.0,0.0,5.0,19.0,21.0,1.0,internal_doors_only_random,DTMC,school_corridor,door_005_q25,True,
model_210930_15-23-59,5 days,0.0,0.0,0.54,25.0,0.0069444444444444,09:00:00,16:00:00,2000.0,30.0,10min,0 days 00:10:00,0.6,1.0,15.0,0.0,5.0,19.0,21.0,1.0,internal_doors_only_random,DTMC,school_corridor,door_005_q25,True,
model_210930_15-29-33,5 days,0.0,0.0,0.54,25.0,0.0069444444444444,09:00:00,16:00:00,2000.0,30.0,10min,0 days 00:10:00,0.7,1.0,15.0,0.0,5.0,19.0,21.0,1.0,internal_doors_only_random,DTMC,school_corridor,door_005_q25,True,
model_210930_15-35-06,5 days,0.0,0.0,0.54,25.0,0.0069444444444444,09:00:00,16:00:00,2000.0,30.0,10min,0 days 00:10:00,0.8,1.0,15.0,0.0,5.0,19.0,21.0,1.0,internal_doors_only_random,DTMC,school_corridor,door_005_q25,True,
model_210930_15-40-53,5 days,0.0,0.0,0.54,25.0,0.0069444444444444,09:00:00,16:00:00,2000.0,30.0,10min,0 days 00:10:00,0.9,1.0,15.0,0.0,5.0,19.0,21.0,1.0,internal_doors_only_random,DTMC,school_corridor,door_005_q25,True,
model_210930_15-46-34,5 days,0.0,0.0,0.54,25.0,0.0069444444444444,09:00:00,16:00:00,2000.0,30.0,10min,0 days 00:10:00,1.0,1.0,15.0,0.0,5.0,19.0,21.0,1.0,internal_doors_only_random,DTMC,school_corridor,door_005_q25,True,
model_210930_15-52-06,5 days,0.0,0.0,0.54,25.0,0.0069444444444444,09:00:00,16:00:00,2000.0,30.0,10min,0 days 00:10:00,0.0,1.0,5.0,0.0,10.0,19.0,21.0,1.0,internal_doors_only_random,DTMC,school_corridor,door_005_q25,True,
model_210930_15-57-42,5 days,0.0,0.0,0.54,25.0,0.0069444444444444,09:00:00,16:00:00,2000.0,30.0,10min,0 days 00:10:00,0.1,1.0,5.0,0.0,10.0,19.0,21.0,1.0,internal_doors_only_random,DTMC,school_corridor,door_005_q25,True,
model_210930_16-03-18,5 days,0.0,0.0,0.54,25.0,0.0069444444444444,09:00:00,16:00:00,2000.0,30.0,10min,0 days 00:10:00,0.2,1.0,5.0,0.0,10.0,19.0,21.0,1.0,internal_doors_only_random,DTMC,school_corridor,door_005_q25,True,
model_210930_16-08-50,5 days,0.0,0.0,0.54,25.0,0.0069444444444444,09:00:00,16:00:00,2000.0,30.0,10min,0 days 00:10:00,0.3,1.0,5.0,0.0,10.0,19.0,21.0,1.0,internal_doors_only_random,DTMC,school_corridor,door_005_q25,True,
model_210930_16-14-26,5 days,0.0,0.0,0.54,25.0,0.0069444444444444,09:00:00,16:00:00,2000.0,30.0,10min,0 days 00:10:00,0.4,1.0,5.0,0.0,10.0,19.0,21.0,1.0,internal_doors_only_random,DTMC,school_corridor,door_005_q25,True,
model_210930_16-20-04,5 days,0.0,0.0,0.54,25.0,0.0069444444444444,09:00:00,16:00:00,2000.0,30.0,10min,0 days 00:10:00,0.5,1.0,5.0,0.0,10.0,19.0,21.0,1.0,internal_doors_only_random,DTMC,school_corridor,door_005_q25,True,
model_210930_16-25-36,5 days,0.0,0.0,0.54,25.0,0.0069444444444444,09:00:00,16:00:00,2000.0,30.0,10min,0 days 00:10:00,0.6,1.0,5.0,0.0,10.0,19.0,21.0,1.0,internal_doors_only_random,DTMC,school_corridor,door_005_q25,True,
model_210930_16-31-13,5 days,0.0,0.0,0.54,25.0,0.0069444444444444,09:00:00,16:00:00,2000.0,30.0,10min,0 days 00:10:00,0.7,1.0,5.0,0.0,10.0,19.0,21.0,1.0,internal_doors_only_random,DTMC,school_corridor,door_005_q25,True,
model_210930_16-36-48,5 days,0.0,0.0,0.54,25.0,0.0069444444444444,09:00:00,16:00:00,2000.0,30.0,10min,0 days 00:10:00,0.8,1.0,5.0,0.0,10.0,19.0,21.0,1.0,internal_doors_only_random,DTMC,school_corridor,door_005_q25,True,
model_210930_16-42-22,5 days,0.0,0.0,0.54,25.0,0.0069444444444444,09:00:00,16:00:00,2000.0,30.0,10min,0 days 00:10:00,0.9,1.0,5.0,0.0,10.0,19.0,21.0,1.0,internal_doors_only_random,DTMC,school_corridor,door_005_q25,True,
model_210930_16-48-00,5 days,0.0,0.0,0.54,25.0,0.0069444444444444,09:00:00,16:00:00,2000.0,30.0,10min,0 days 00:10:00,1.0,1.0,5.0,0.0,10.0,19.0,21.0,1.0,internal_doors_only_random,DTMC,school_corridor,door_005_q25,True,
model_210930_16-53-39,5 days,0.0,0.0,0.54,25.0,0.0069444444444444,09:00:00,16:00:00,2000.0,30.0,10min,0 days 00:10:00,0.0,1.0,15.0,0.0,10.0,19.0,21.0,1.0,internal_doors_only_random,DTMC,school_corridor,door_005_q25,True,
model_210930_16-59-22,5 days,0.0,0.0,0.54,25.0,0.0069444444444444,09:00:00,16:00:00,2000.0,30.0,10min,0 days 00:10:00,0.1,1.0,15.0,0.0,10.0,19.0,21.0,1.0,internal_doors_only_random,DTMC,school_corridor,door_005_q25,True,
model_210930_17-05-07,5 days,0.0,0.0,0.54,25.0,0.0069444444444444,09:00:00,16:00:00,2000.0,30.0,10min,0 days 00:10:00,0.2,1.0,15.0,0.0,10.0,19.0,21.0,1.0,internal_doors_only_random,DTMC,school_corridor,door_005_q25,True,
model_210930_17-10-56,5 days,0.0,0.0,0.54,25.0,0.0069444444444444,09:00:00,16:00:00,2000.0,30.0,10min,0 days 00:10:00,0.3,1.0,15.0,0.0,10.0,19.0,21.0,1.0,internal_doors_only_random,DTMC,school_corridor,door_005_q25,True,
model_210930_17-16-49,5 days,0.0,0.0,0.54,25.0,0.0069444444444444,09:00:00,16:00:00,2000.0,30.0,10min,0 days 00:10:00,0.4,1.0,15.0,0.0,10.0,19.0,21.0,1.0,internal_doors_only_random,DTMC,school_corridor,door_005_q25,True,
model_210930_17-22-40,5 days,0.0,0.0,0.54,25.0,0.0069444444444444,09:00:00,16:00:00,2000.0,30.0,10min,0 days 00:10:00,0.5,1.0,15.0,0.0,10.0,19.0,21.0,1.0,internal_doors_only_random,DTMC,school_corridor,door_005_q25,True,
model_210930_17-28-30,5 days,0.0,0.0,0.54,25.0,0.0069444444444444,09:00:00,16:00:00,2000.0,30.0,10min,0 days 00:10:00,0.6,1.0,15.0,0.0,10.0,19.0,21.0,1.0,internal_doors_only_random,DTMC,school_corridor,door_005_q25,True,
model_210930_17-34-17,5 days,0.0,0.0,0.54,25.0,0.0069444444444444,09:00:00,16:00:00,2000.0,30.0,10min,0 days 00:10:00,0.7,1.0,15.0,0.0,10.0,19.0,21.0,1.0,internal_doors_only_random,DTMC,school_corridor,door_005_q25,True,
model_210930_17-40-02,5 days,0.0,0.0,0.54,25.0,0.0069444444444444,09:00:00,16:00:00,2000.0,30.0,10min,0 days 00:10:00,0.8,1.0,15.0,0.0,10.0,19.0,21.0,1.0,internal_doors_only_random,DTMC,school_corridor,door_005_q25,True,
model_210930_17-45-37,5 days,0.0,0.0,0.54,25.0,0.0069444444444444,09:00:00,16:00:00,2000.0,30.0,10min,0 days 00:10:00,0.9,1.0,15.0,0.0,10.0,19.0,21.0,1.0,internal_doors_only_random,DTMC,school_corridor,door_005_q25,True,
model_210930_17-51-19,5 days,0.0,0.0,0.54,25.0,0.0069444444444444,09:00:00,16:00:00,2000.0,30.0,10min,0 days 00:10:00,1.0,1.0,15.0,0.0,10.0,19.0,21.0,1.0,internal_doors_only_random,DTMC,school_corridor,door_005_q25,True,
model_210930_20-17-33,5 days,0.0,0.0,0.54,5.0,0.0069444444444444,09:00:00,16:00:00,2000.0,30.0,10min,0 days 00:10:00,1.0,1.0,5.0,0.0,5.0,19.0,21.0,1.0,internal_doors_only_random,DTMC,school_corridor,movement_001_q5,False,
model_210930_20-23-42,5 days,0.0,0.0,0.54,5.0,0.0069444444444444,09:00:00,16:00:00,2000.0,30.0,10min,0 days 00:10:00,1.0,1.0,5.0,0.0,5.0,19.0,21.0,1.0,internal_doors_only_random,DTMC,school_corridor,movement_001_q5,False,change_rooms_in_group
model_210930_20-29-57,5 days,0.0,0.0,0.54,5.0,0.0069444444444444,09:00:00,16:00:00,2000.0,30.0,10min,0 days 00:10:00,1.0,1.0,15.0,0.0,5.0,19.0,21.0,1.0,internal_doors_only_random,DTMC,school_corridor,movement_001_q5,False,
model_210930_20-36-08,5 days,0.0,0.0,0.54,5.0,0.0069444444444444,09:00:00,16:00:00,2000.0,30.0,10min,0 days 00:10:00,1.0,1.0,15.0,0.0,5.0,19.0,21.0,1.0,internal_doors_only_random,DTMC,school_corridor,movement_001_q5,False,change_rooms_in_group
model_210930_20-42-13,5 days,0.0,0.0,0.54,5.0,0.0069444444444444,09:00:00,16:00:00,2000.0,30.0,10min,0 days 00:10:00,1.0,1.0,5.0,0.0,10.0,19.0,21.0,1.0,internal_doors_only_random,DTMC,school_corridor,movement_001_q5,False,
model_210930_20-48-08,5 days,0.0,0.0,0.54,5.0,0.0069444444444444,09:00:00,16:00:00,2000.0,30.0,10min,0 days 00:10:00,1.0,1.0,5.0,0.0,10.0,19.0,21.0,1.0,internal_doors_only_random,DTMC,school_corridor,movement_001_q5,False,change_rooms_in_group
model_210930_20-54-09,5 days,0.0,0.0,0.54,5.0,0.0069444444444444,09:00:00,16:00:00,2000.0,30.0,10min,0 days 00:10:00,1.0,1.0,15.0,0.0,10.0,19.0,21.0,1.0,internal_doors_only_random,DTMC,school_corridor,movement_001_q5,False,
model_210930_21-00-08,5 days,0.0,0.0,0.54,5.0,0.0069444444444444,09:00:00,16:00:00,2000.0,30.0,10min,0 days 00:10:00,1.0,1.0,15.0,0.0,10.0,19.0,21.0,1.0,internal_doors_only_random,DTMC,school_corridor,movement_001_q5,False,change_rooms_in_group
model_210930_20-17-06,5 days,0.0,0.0,0.54,10.0,0.0069444444444444,09:00:00,16:00:00,2000.0,30.0,10min,0 days 00:10:00,1.0,1.0,5.0,0.0,5.0,19.0,21.0,1.0,internal_doors_only_random,DTMC,school_corridor,movement_002_q10,False,
model_210930_20-22-45,5 days,0.0,0.0,0.54,10.0,0.0069444444444444,09:00:00,16:00:00,2000.0,30.0,10min,0 days 00:10:00,1.0,1.0,5.0,0.0,5.0,19.0,21.0,1.0,internal_doors_only_random,DTMC,school_corridor,movement_002_q10,False,change_rooms_in_group
model_210930_20-28-34,5 days,0.0,0.0,0.54,10.0,0.0069444444444444,09:00:00,16:00:00,2000.0,30.0,10min,0 days 00:10:00,1.0,1.0,15.0,0.0,5.0,19.0,21.0,1.0,internal_doors_only_random,DTMC,school_corridor,movement_002_q10,False,
model_210930_20-34-21,5 days,0.0,0.0,0.54,10.0,0.0069444444444444,09:00:00,16:00:00,2000.0,30.0,10min,0 days 00:10:00,1.0,1.0,15.0,0.0,5.0,19.0,21.0,1.0,internal_doors_only_random,DTMC,school_corridor,movement_002_q10,False,change_rooms_in_group
model_210930_20-40-01,5 days,0.0,0.0,0.54,10.0,0.0069444444444444,09:00:00,16:00:00,2000.0,30.0,10min,0 days 00:10:00,1.0,1.0,5.0,0.0,10.0,19.0,21.0,1.0,internal_doors_only_random,DTMC,school_corridor,movement_002_q10,False,
model_210930_20-45-48,5 days,0.0,0.0,0.54,10.0,0.0069444444444444,09:00:00,16:00:00,2000.0,30.0,10min,0 days 00:10:00,1.0,1.0,5.0,0.0,10.0,19.0,21.0,1.0,internal_doors_only_random,DTMC,school_corridor,movement_002_q10,False,change_rooms_in_group
model_210930_20-51-51,5 days,0.0,0.0,0.54,10.0,0.0069444444444444,09:00:00,16:00:00,2000.0,30.0,10min,0 days 00:10:00,1.0,1.0,15.0,0.0,10.0,19.0,21.0,1.0,internal_doors_only_random,DTMC,school_corridor,movement_002_q10,False,
model_210930_20-57-50,5 days,0.0,0.0,0.54,10.0,0.0069444444444444,09:00:00,16:00:00,2000.0,30.0,10min,0 days 00:10:00,1.0,1.0,15.0,0.0,10.0,19.0,21.0,1.0,internal_doors_only_random,DTMC,school_corridor,movement_002_q10,False,change_rooms_in_group
model_210930_20-20-38,5 days,0.0,0.0,0.54,25.0,0.0069444444444444,09:00:00,16:00:00,2000.0,30.0,10min,0 days 00:10:00,1.0,1.0,5.0,0.0,5.0,19.0,21.0,1.0,internal_doors_only_random,DTMC,school_corridor,movement_003_q25,False,
model_210930_20-25-16,5 days,0.0,0.0,0.54,25.0,0.0069444444444444,09:00:00,16:00:00,2000.0,30.0,10min,0 days 00:10:00,1.0,1.0,5.0,0.0,5.0,19.0,21.0,1.0,internal_doors_only_random,DTMC,school_corridor,movement_003_q25,False,change_rooms_in_group
model_210930_20-30-02,5 days,0.0,0.0,0.54,25.0,0.0069444444444444,09:00:00,16:00:00,2000.0,30.0,10min,0 days 00:10:00,1.0,1.0,15.0,0.0,5.0,19.0,21.0,1.0,internal_doors_only_random,DTMC,school_corridor,movement_003_q25,False,
model_210930_20-34-45,5 days,0.0,0.0,0.54,25.0,0.0069444444444444,09:00:00,16:00:00,2000.0,30.0,10min,0 days 00:10:00,1.0,1.0,15.0,0.0,5.0,19.0,21.0,1.0,internal_doors_only_random,DTMC,school_corridor,movement_003_q25,False,change_rooms_in_group
model_210930_20-39-22,5 days,0.0,0.0,0.54,25.0,0.0069444444444444,09:00:00,16:00:00,2000.0,30.0,10min,0 days 00:10:00,1.0,1.0,5.0,0.0,10.0,19.0,21.0,1.0,internal_doors_only_random,DTMC,school_corridor,movement_003_q25,False,
model_210930_20-43-59,5 days,0.0,0.0,0.54,25.0,0.0069444444444444,09:00:00,16:00:00,2000.0,30.0,10min,0 days 00:10:00,1.0,1.0,5.0,0.0,10.0,19.0,21.0,1.0,internal_doors_only_random,DTMC,school_corridor,movement_003_q25,False,change_rooms_in_group
model_210930_20-48-39,5 days,0.0,0.0,0.54,25.0,0.0069444444444444,09:00:00,16:00:00,2000.0,30.0,10min,0 days 00:10:00,1.0,1.0,15.0,0.0,10.0,19.0,21.0,1.0,internal_doors_only_random,DTMC,school_corridor,movement_003_q25,False,
model_210930_20-53-25,5 days,0.0,0.0,0.54,25.0,0.0069444444444444,09:00:00,16:00:00,2000.0,30.0,10min,0 days 00:10:00,1.0,1.0,15.0,0.0,10.0,19.0,21.0,1.0,internal_doors_only_random,DTMC,school_corridor,movement_003_q25,False,change_rooms_in_group
model_210930_21-04-13,5 days,0.0,0.0,0.54,10.0,0.0069444444444444,09:00:00,16:00:00,2000.0,30.0,10min,0 days 00:10:00,0.0,1.0,5.0,90.0,5.0,19.0,21.0,1.0,internal_doors_only_random,DTMC,school_corridor,door_008_90deg_q10,False,
model_210930_21-10-14,5 days,0.0,0.0,0.54,10.0,0.0069444444444444,09:00:00,16:00:00,2000.0,30.0,10min,0 days 00:10:00,0.1,1.0,5.0,90.0,5.0,19.0,21.0,1.0,internal_doors_only_random,DTMC,school_corridor,door_008_90deg_q10,False,
model_210930_21-16-12,5 days,0.0,0.0,0.54,10.0,0.0069444444444444,09:00:00,16:00:00,2000.0,30.0,10min,0 days 00:10:00,0.2,1.0,5.0,90.0,5.0,19.0,21.0,1.0,internal_doors_only_random,DTMC,school_corridor,door_008_90deg_q10,False,
model_210930_21-22-08,5 days,0.0,0.0,0.54,10.0,0.0069444444444444,09:00:00,16:00:00,2000.0,30.0,10min,0 days 00:10:00,0.3,1.0,5.0,90.0,5.0,19.0,21.0,1.0,internal_doors_only_random,DTMC,school_corridor,door_008_90deg_q10,False,
model_210930_21-28-14,5 days,0.0,0.0,0.54,10.0,0.0069444444444444,09:00:00,16:00:00,2000.0,30.0,10min,0 days 00:10:00,0.4,1.0,5.0,90.0,5.0,19.0,21.0,1.0,internal_doors_only_random,DTMC,school_corridor,door_008_90deg_q10,False,
model_210930_21-34-05,5 days,0.0,0.0,0.54,10.0,0.0069444444444444,09:00:00,16:00:00,2000.0,30.0,10min,0 days 00:10:00,0.5,1.0,5.0,90.0,5.0,19.0,21.0,1.0,internal_doors_only_random,DTMC,school_corridor,door_008_90deg_q10,False,
model_210930_21-40-17,5 days,0.0,0.0,0.54,10.0,0.0069444444444444,09:00:00,16:00:00,2000.0,30.0,10min,0 days 00:10:00,0.6,1.0,5.0,90.0,5.0,19.0,21.0,1.0,internal_doors_only_random,DTMC,school_corridor,door_008_90deg_q10,False,
model_210930_21-46-37,5 days,0.0,0.0,0.54,10.0,0.0069444444444444,09:00:00,16:00:00,2000.0,30.0,10min,0 days 00:10:00,0.7,1.0,5.0,90.0,5.0,19.0,21.0,1.0,internal_doors_only_random,DTMC,school_corridor,door_008_90deg_q10,False,
model_210930_21-52-55,5 days,0.0,0.0,0.54,10.0,0.0069444444444444,09:00:00,16:00:00,2000.0,30.0,10min,0 days 00:10:00,0.8,1.0,5.0,90.0,5.0,19.0,21.0,1.0,internal_doors_only_random,DTMC,school_corridor,door_008_90deg_q10,False,
model_210930_21-58-58,5 days,0.0,0.0,0.54,10.0,0.0069444444444444,09:00:00,16:00:00,2000.0,30.0,10min,0 days 00:10:00,0.9,1.0,5.0,90.0,5.0,19.0,21.0,1.0,internal_doors_only_random,DTMC,school_corridor,door_008_90deg_q10,False,
model_210930_22-05-04,5 days,0.0,0.0,0.54,10.0,0.0069444444444444,09:00:00,16:00:00,2000.0,30.0,10min,0 days 00:10:00,1.0,1.0,5.0,90.0,5.0,19.0,21.0,1.0,internal_doors_only_random,DTMC,school_corridor,door_008_90deg_q10,False,
model_210930_22-11-15,5 days,0.0,0.0,0.54,10.0,0.0069444444444444,09:00:00,16:00:00,2000.0,30.0,10min,0 days 00:10:00,0.0,1.0,15.0,90.0,5.0,19.0,21.0,1.0,internal_doors_only_random,DTMC,school_corridor,door_008_90deg_q10,False,
model_210930_22-17-18,5 days,0.0,0.0,0.54,10.0,0.0069444444444444,09:00:00,16:00:00,2000.0,30.0,10min,0 days 00:10:00,0.1,1.0,15.0,90.0,5.0,19.0,21.0,1.0,internal_doors_only_random,DTMC,school_corridor,door_008_90deg_q10,False,
model_210930_22-23-25,5 days,0.0,0.0,0.54,10.0,0.0069444444444444,09:00:00,16:00:00,2000.0,30.0,10min,0 days 00:10:00,0.2,1.0,15.0,90.0,5.0,19.0,21.0,1.0,internal_doors_only_random,DTMC,school_corridor,door_008_90deg_q10,False,
model_210930_22-29-30,5 days,0.0,0.0,0.54,10.0,0.0069444444444444,09:00:00,16:00:00,2000.0,30.0,10min,0 days 00:10:00,0.3,1.0,15.0,90.0,5.0,19.0,21.0,1.0,internal_doors_only_random,DTMC,school_corridor,door_008_90deg_q10,False,
model_210930_22-35-28,5 days,0.0,0.0,0.54,10.0,0.0069444444444444,09:00:00,16:00:00,2000.0,30.0,10min,0 days 00:10:00,0.4,1.0,15.0,90.0,5.0,19.0,21.0,1.0,internal_doors_only_random,DTMC,school_corridor,door_008_90deg_q10,False,
model_210930_22-41-36,5 days,0.0,0.0,0.54,10.0,0.0069444444444444,09:00:00,16:00:00,2000.0,30.0,10min,0 days 00:10:00,0.5,1.0,15.0,90.0,5.0,19.0,21.0,1.0,internal_doors_only_random,DTMC,school_corridor,door_008_90deg_q10,False,
model_210930_22-47-45,5 days,0.0,0.0,0.54,10.0,0.0069444444444444,09:00:00,16:00:00,2000.0,30.0,10min,0 days 00:10:00,0.6,1.0,15.0,90.0,5.0,19.0,21.0,1.0,internal_doors_only_random,DTMC,school_corridor,door_008_90deg_q10,False,
model_210930_22-53-53,5 days,0.0,0.0,0.54,10.0,0.0069444444444444,09:00:00,16:00:00,2000.0,30.0,10min,0 days 00:10:00,0.7,1.0,15.0,90.0,5.0,19.0,21.0,1.0,internal_doors_only_random,DTMC,school_corridor,door_008_90deg_q10,False,
model_210930_22-59-53,5 days,0.0,0.0,0.54,10.0,0.0069444444444444,09:00:00,16:00:00,2000.0,30.0,10min,0 days 00:10:00,0.8,1.0,15.0,90.0,5.0,19.0,21.0,1.0,internal_doors_only_random,DTMC,school_corridor,door_008_90deg_q10,False,
model_210930_23-05-56,5 days,0.0,0.0,0.54,10.0,0.0069444444444444,09:00:00,16:00:00,2000.0,30.0,10min,0 days 00:10:00,0.9,1.0,15.0,90.0,5.0,19.0,21.0,1.0,internal_doors_only_random,DTMC,school_corridor,door_008_90deg_q10,False,
model_210930_23-11-58,5 days,0.0,0.0,0.54,10.0,0.0069444444444444,09:00:00,16:00:00,2000.0,30.0,10min,0 days 00:10:00,1.0,1.0,15.0,90.0,5.0,19.0,21.0,1.0,internal_doors_only_random,DTMC,school_corridor,door_008_90deg_q10,False,
model_210930_23-17-48,5 days,0.0,0.0,0.54,10.0,0.0069444444444444,09:00:00,16:00:00,2000.0,30.0,10min,0 days 00:10:00,0.0,1.0,5.0,90.0,10.0,19.0,21.0,1.0,internal_doors_only_random,DTMC,school_corridor,door_008_90deg_q10,False,
model_210930_23-23-43,5 days,0.0,0.0,0.54,10.0,0.0069444444444444,09:00:00,16:00:00,2000.0,30.0,10min,0 days 00:10:00,0.1,1.0,5.0,90.0,10.0,19.0,21.0,1.0,internal_doors_only_random,DTMC,school_corridor,door_008_90deg_q10,False,
model_210930_23-29-42,5 days,0.0,0.0,0.54,10.0,0.0069444444444444,09:00:00,16:00:00,2000.0,30.0,10min,0 days 00:10:00,0.2,1.0,5.0,90.0,10.0,19.0,21.0,1.0,internal_doors_only_random,DTMC,school_corridor,door_008_90deg_q10,False,
model_210930_23-35-33,5 days,0.0,0.0,0.54,10.0,0.0069444444444444,09:00:00,16:00:00,2000.0,30.0,10min,0 days 00:10:00,0.3,1.0,5.0,90.0,10.0,19.0,21.0,1.0,internal_doors_only_random,DTMC,school_corridor,door_008_90deg_q10,False,
model_210930_23-41-26,5 days,0.0,0.0,0.54,10.0,0.0069444444444444,09:00:00,16:00:00,2000.0,30.0,10min,0 days 00:10:00,0.4,1.0,5.0,90.0,10.0,19.0,21.0,1.0,internal_doors_only_random,DTMC,school_corridor,door_008_90deg_q10,False,
model_210930_23-47-26,5 days,0.0,0.0,0.54,10.0,0.0069444444444444,09:00:00,16:00:00,2000.0,30.0,10min,0 days 00:10:00,0.5,1.0,5.0,90.0,10.0,19.0,21.0,1.0,internal_doors_only_random,DTMC,school_corridor,door_008_90deg_q10,False,
model_210930_23-53-15,5 days,0.0,0.0,0.54,10.0,0.0069444444444444,09:00:00,16:00:00,2000.0,30.0,10min,0 days 00:10:00,0.6,1.0,5.0,90.0,10.0,19.0,21.0,1.0,internal_doors_only_random,DTMC,school_corridor,door_008_90deg_q10,False,
model_210930_23-59-03,5 days,0.0,0.0,0.54,10.0,0.0069444444444444,09:00:00,16:00:00,2000.0,30.0,10min,0 days 00:10:00,0.7,1.0,5.0,90.0,10.0,19.0,21.0,1.0,internal_doors_only_random,DTMC,school_corridor,door_008_90deg_q10,False,
model_211001_00-05-00,5 days,0.0,0.0,0.54,10.0,0.0069444444444444,09:00:00,16:00:00,2000.0,30.0,10min,0 days 00:10:00,0.8,1.0,5.0,90.0,10.0,19.0,21.0,1.0,internal_doors_only_random,DTMC,school_corridor,door_008_90deg_q10,False,
model_211001_00-10-43,5 days,0.0,0.0,0.54,10.0,0.0069444444444444,09:00:00,16:00:00,2000.0,30.0,10min,0 days 00:10:00,0.9,1.0,5.0,90.0,10.0,19.0,21.0,1.0,internal_doors_only_random,DTMC,school_corridor,door_008_90deg_q10,False,
model_211001_00-16-21,5 days,0.0,0.0,0.54,10.0,0.0069444444444444,09:00:00,16:00:00,2000.0,30.0,10min,0 days 00:10:00,1.0,1.0,5.0,90.0,10.0,19.0,21.0,1.0,internal_doors_only_random,DTMC,school_corridor,door_008_90deg_q10,False,
model_211001_00-22-07,5 days,0.0,0.0,0.54,10.0,0.0069444444444444,09:00:00,16:00:00,2000.0,30.0,10min,0 days 00:10:00,0.0,1.0,15.0,90.0,10.0,19.0,21.0,1.0,internal_doors_only_random,DTMC,school_corridor,door_008_90deg_q10,False,
model_211001_00-27-56,5 days,0.0,0.0,0.54,10.0,0.0069444444444444,09:00:00,16:00:00,2000.0,30.0,10min,0 days 00:10:00,0.1,1.0,15.0,90.0,10.0,19.0,21.0,1.0,internal_doors_only_random,DTMC,school_corridor,door_008_90deg_q10,False,
model_211001_00-34-00,5 days,0.0,0.0,0.54,10.0,0.0069444444444444,09:00:00,16:00:00,2000.0,30.0,10min,0 days 00:10:00,0.2,1.0,15.0,90.0,10.0,19.0,21.0,1.0,internal_doors_only_random,DTMC,school_corridor,door_008_90deg_q10,False,
model_211001_00-40-04,5 days,0.0,0.0,0.54,10.0,0.0069444444444444,09:00:00,16:00:00,2000.0,30.0,10min,0 days 00:10:00,0.3,1.0,15.0,90.0,10.0,19.0,21.0,1.0,internal_doors_only_random,DTMC,school_corridor,door_008_90deg_q10,False,
model_211001_00-46-14,5 days,0.0,0.0,0.54,10.0,0.0069444444444444,09:00:00,16:00:00,2000.0,30.0,10min,0 days 00:10:00,0.4,1.0,15.0,90.0,10.0,19.0,21.0,1.0,internal_doors_only_random,DTMC,school_corridor,door_008_90deg_q10,False,
model_211001_00-52-24,5 days,0.0,0.0,0.54,10.0,0.0069444444444444,09:00:00,16:00:00,2000.0,30.0,10min,0 days 00:10:00,0.5,1.0,15.0,90.0,10.0,19.0,21.0,1.0,internal_doors_only_random,DTMC,school_corridor,door_008_90deg_q10,False,
model_211001_00-58-42,5 days,0.0,0.0,0.54,10.0,0.0069444444444444,09:00:00,16:00:00,2000.0,30.0,10min,0 days 00:10:00,0.6,1.0,15.0,90.0,10.0,19.0,21.0,1.0,internal_doors_only_random,DTMC,school_corridor,door_008_90deg_q10,False,
model_211001_01-04-57,5 days,0.0,0.0,0.54,10.0,0.0069444444444444,09:00:00,16:00:00,2000.0,30.0,10min,0 days 00:10:00,0.7,1.0,15.0,90.0,10.0,19.0,21.0,1.0,internal_doors_only_random,DTMC,school_corridor,door_008_90deg_q10,False,
model_211001_01-11-12,5 days,0.0,0.0,0.54,10.0,0.0069444444444444,09:00:00,16:00:00,2000.0,30.0,10min,0 days 00:10:00,0.8,1.0,15.0,90.0,10.0,19.0,21.0,1.0,internal_doors_only_random,DTMC,school_corridor,door_008_90deg_q10,False,
model_211001_01-17-15,5 days,0.0,0.0,0.54,10.0,0.0069444444444444,09:00:00,16:00:00,2000.0,30.0,10min,0 days 00:10:00,0.9,1.0,15.0,90.0,10.0,19.0,21.0,1.0,internal_doors_only_random,DTMC,school_corridor,door_008_90deg_q10,False,
model_211001_01-23-15,5 days,0.0,0.0,0.54,10.0,0.0069444444444444,09:00:00,16:00:00,2000.0,30.0,10min,0 days 00:10:00,1.0,1.0,15.0,90.0,10.0,19.0,21.0,1.0,internal_doors_only_random,DTMC,school_corridor,door_008_90deg_q10,False,
model_210930_21-06-23,5 days,0.0,0.0,0.54,25.0,0.0069444444444444,09:00:00,16:00:00,2000.0,30.0,10min,0 days 00:10:00,0.0,1.0,5.0,90.0,5.0,19.0,21.0,1.0,internal_doors_only_random,DTMC,school_corridor,door_009_90deg_q25,False,
model_210930_21-12-07,5 days,0.0,0.0,0.54,25.0,0.0069444444444444,09:00:00,16:00:00,2000.0,30.0,10min,0 days 00:10:00,0.1,1.0,5.0,90.0,5.0,19.0,21.0,1.0,internal_doors_only_random,DTMC,school_corridor,door_009_90deg_q25,False,
model_210930_21-17-35,5 days,0.0,0.0,0.54,25.0,0.0069444444444444,09:00:00,16:00:00,2000.0,30.0,10min,0 days 00:10:00,0.2,1.0,5.0,90.0,5.0,19.0,21.0,1.0,internal_doors_only_random,DTMC,school_corridor,door_009_90deg_q25,False,
model_210930_21-23-15,5 days,0.0,0.0,0.54,25.0,0.0069444444444444,09:00:00,16:00:00,2000.0,30.0,10min,0 days 00:10:00,0.3,1.0,5.0,90.0,5.0,19.0,21.0,1.0,internal_doors_only_random,DTMC,school_corridor,door_009_90deg_q25,False,
model_210930_21-28-50,5 days,0.0,0.0,0.54,25.0,0.0069444444444444,09:00:00,16:00:00,2000.0,30.0,10min,0 days 00:10:00,0.4,1.0,5.0,90.0,5.0,19.0,21.0,1.0,internal_doors_only_random,DTMC,school_corridor,door_009_90deg_q25,False,
model_210930_21-34-24,5 days,0.0,0.0,0.54,25.0,0.0069444444444444,09:00:00,16:00:00,2000.0,30.0,10min,0 days 00:10:00,0.5,1.0,5.0,90.0,5.0,19.0,21.0,1.0,internal_doors_only_random,DTMC,school_corridor,door_009_90deg_q25,False,
model_210930_21-39-56,5 days,0.0,0.0,0.54,25.0,0.0069444444444444,09:00:00,16:00:00,2000.0,30.0,10min,0 days 00:10:00,0.6,1.0,5.0,90.0,5.0,19.0,21.0,1.0,internal_doors_only_random,DTMC,school_corridor,door_009_90deg_q25,False,
model_210930_21-45-31,5 days,0.0,0.0,0.54,25.0,0.0069444444444444,09:00:00,16:00:00,2000.0,30.0,10min,0 days 00:10:00,0.7,1.0,5.0,90.0,5.0,19.0,21.0,1.0,internal_doors_only_random,DTMC,school_corridor,door_009_90deg_q25,False,
model_210930_21-51-09,5 days,0.0,0.0,0.54,25.0,0.0069444444444444,09:00:00,16:00:00,2000.0,30.0,10min,0 days 00:10:00,0.8,1.0,5.0,90.0,5.0,19.0,21.0,1.0,internal_doors_only_random,DTMC,school_corridor,door_009_90deg_q25,False,
model_210930_21-56-48,5 days,0.0,0.0,0.54,25.0,0.0069444444444444,09:00:00,16:00:00,2000.0,30.0,10min,0 days 00:10:00,0.9,1.0,5.0,90.0,5.0,19.0,21.0,1.0,internal_doors_only_random,DTMC,school_corridor,door_009_90deg_q25,False,
model_210930_22-02-38,5 days,0.0,0.0,0.54,25.0,0.0069444444444444,09:00:00,16:00:00,2000.0,30.0,10min,0 days 00:10:00,1.0,1.0,5.0,90.0,5.0,19.0,21.0,1.0,internal_doors_only_random,DTMC,school_corridor,door_009_90deg_q25,False,
model_210930_22-08-29,5 days,0.0,0.0,0.54,25.0,0.0069444444444444,09:00:00,16:00:00,2000.0,30.0,10min,0 days 00:10:00,0.0,1.0,15.0,90.0,5.0,19.0,21.0,1.0,internal_doors_only_random,DTMC,school_corridor,door_009_90deg_q25,False,
model_210930_22-14-19,5 days,0.0,0.0,0.54,25.0,0.0069444444444444,09:00:00,16:00:00,2000.0,30.0,10min,0 days 00:10:00,0.1,1.0,15.0,90.0,5.0,19.0,21.0,1.0,internal_doors_only_random,DTMC,school_corridor,door_009_90deg_q25,False,
model_210930_22-20-12,5 days,0.0,0.0,0.54,25.0,0.0069444444444444,09:00:00,16:00:00,2000.0,30.0,10min,0 days 00:10:00,0.2,1.0,15.0,90.0,5.0,19.0,21.0,1.0,internal_doors_only_random,DTMC,school_corridor,door_009_90deg_q25,False,
model_210930_22-26-04,5 days,0.0,0.0,0.54,25.0,0.0069444444444444,09:00:00,16:00:00,2000.0,30.0,10min,0 days 00:10:00,0.3,1.0,15.0,90.0,5.0,19.0,21.0,1.0,internal_doors_only_random,DTMC,school_corridor,door_009_90deg_q25,False,
model_210930_22-31-46,5 days,0.0,0.0,0.54,25.0,0.0069444444444444,09:00:00,16:00:00,2000.0,30.0,10min,0 days 00:10:00,0.4,1.0,15.0,90.0,5.0,19.0,21.0,1.0,internal_doors_only_random,DTMC,school_corridor,door_009_90deg_q25,False,
model_210930_22-37-30,5 days,0.0,0.0,0.54,25.0,0.0069444444444444,09:00:00,16:00:00,2000.0,30.0,10min,0 days 00:10:00,0.5,1.0,15.0,90.0,5.0,19.0,21.0,1.0,internal_doors_only_random,DTMC,school_corridor,door_009_90deg_q25,False,
model_210930_22-43-17,5 days,0.0,0.0,0.54,25.0,0.0069444444444444,09:00:00,16:00:00,2000.0,30.0,10min,0 days 00:10:00,0.6,1.0,15.0,90.0,5.0,19.0,21.0,1.0,internal_doors_only_random,DTMC,school_corridor,door_009_90deg_q25,False,
model_210930_22-48-56,5 days,0.0,0.0,0.54,25.0,0.0069444444444444,09:00:00,16:00:00,2000.0,30.0,10min,0 days 00:10:00,0.7,1.0,15.0,90.0,5.0,19.0,21.0,1.0,internal_doors_only_random,DTMC,school_corridor,door_009_90deg_q25,False,
model_210930_22-54-52,5 days,0.0,0.0,0.54,25.0,0.0069444444444444,09:00:00,16:00:00,2000.0,30.0,10min,0 days 00:10:00,0.8,1.0,15.0,90.0,5.0,19.0,21.0,1.0,internal_doors_only_random,DTMC,school_corridor,door_009_90deg_q25,False,
model_210930_23-00-36,5 days,0.0,0.0,0.54,25.0,0.0069444444444444,09:00:00,16:00:00,2000.0,30.0,10min,0 days 00:10:00,0.9,1.0,15.0,90.0,5.0,19.0,21.0,1.0,internal_doors_only_random,DTMC,school_corridor,door_009_90deg_q25,False,
model_210930_23-06-20,5 days,0.0,0.0,0.54,25.0,0.0069444444444444,09:00:00,16:00:00,2000.0,30.0,10min,0 days 00:10:00,1.0,1.0,15.0,90.0,5.0,19.0,21.0,1.0,internal_doors_only_random,DTMC,school_corridor,door_009_90deg_q25,False,
model_210930_23-12-14,5 days,0.0,0.0,0.54,25.0,0.0069444444444444,09:00:00,16:00:00,2000.0,30.0,10min,0 days 00:10:00,0.0,1.0,5.0,90.0,10.0,19.0,21.0,1.0,internal_doors_only_random,DTMC,school_corridor,door_009_90deg_q25,False,
model_210930_23-18-03,5 days,0.0,0.0,0.54,25.0,0.0069444444444444,09:00:00,16:00:00,2000.0,30.0,10min,0 days 00:10:00,0.1,1.0,5.0,90.0,10.0,19.0,21.0,1.0,internal_doors_only_random,DTMC,school_corridor,door_009_90deg_q25,False,
model_210930_23-23-58,5 days,0.0,0.0,0.54,25.0,0.0069444444444444,09:00:00,16:00:00,2000.0,30.0,10min,0 days 00:10:00,0.2,1.0,5.0,90.0,10.0,19.0,21.0,1.0,internal_doors_only_random,DTMC,school_corridor,door_009_90deg_q25,False,
model_210930_23-29-47,5 days,0.0,0.0,0.54,25.0,0.0069444444444444,09:00:00,16:00:00,2000.0,30.0,10min,0 days 00:10:00,0.3,1.0,5.0,90.0,10.0,19.0,21.0,1.0,internal_doors_only_random,DTMC,school_corridor,door_009_90deg_q25,False,
model_210930_23-35-29,5 days,0.0,0.0,0.54,25.0,0.0069444444444444,09:00:00,16:00:00,2000.0,30.0,10min,0 days 00:10:00,0.4,1.0,5.0,90.0,10.0,19.0,21.0,1.0,internal_doors_only_random,DTMC,school_corridor,door_009_90deg_q25,False,
model_210930_23-41-14,5 days,0.0,0.0,0.54,25.0,0.0069444444444444,09:00:00,16:00:00,2000.0,30.0,10min,0 days 00:10:00,0.5,1.0,5.0,90.0,10.0,19.0,21.0,1.0,internal_doors_only_random,DTMC,school_corridor,door_009_90deg_q25,False,
model_210930_23-46-56,5 days,0.0,0.0,0.54,25.0,0.0069444444444444,09:00:00,16:00:00,2000.0,30.0,10min,0 days 00:10:00,0.6,1.0,5.0,90.0,10.0,19.0,21.0,1.0,internal_doors_only_random,DTMC,school_corridor,door_009_90deg_q25,False,
model_210930_23-52-29,5 days,0.0,0.0,0.54,25.0,0.0069444444444444,09:00:00,16:00:00,2000.0,30.0,10min,0 days 00:10:00,0.7,1.0,5.0,90.0,10.0,19.0,21.0,1.0,internal_doors_only_random,DTMC,school_corridor,door_009_90deg_q25,False,
model_210930_23-57-50,5 days,0.0,0.0,0.54,25.0,0.0069444444444444,09:00:00,16:00:00,2000.0,30.0,10min,0 days 00:10:00,0.8,1.0,5.0,90.0,10.0,19.0,21.0,1.0,internal_doors_only_random,DTMC,school_corridor,door_009_90deg_q25,False,
model_211001_00-02-47,5 days,0.0,0.0,0.54,25.0,0.0069444444444444,09:00:00,16:00:00,2000.0,30.0,10min,0 days 00:10:00,0.9,1.0,5.0,90.0,10.0,19.0,21.0,1.0,internal_doors_only_random,DTMC,school_corridor,door_009_90deg_q25,False,
model_211001_00-07-57,5 days,0.0,0.0,0.54,25.0,0.0069444444444444,09:00:00,16:00:00,2000.0,30.0,10min,0 days 00:10:00,1.0,1.0,5.0,90.0,10.0,19.0,21.0,1.0,internal_doors_only_random,DTMC,school_corridor,door_009_90deg_q25,False,
model_211001_00-13-16,5 days,0.0,0.0,0.54,25.0,0.0069444444444444,09:00:00,16:00:00,2000.0,30.0,10min,0 days 00:10:00,0.0,1.0,15.0,90.0,10.0,19.0,21.0,1.0,internal_doors_only_random,DTMC,school_corridor,door_009_90deg_q25,False,
model_211001_00-18-52,5 days,0.0,0.0,0.54,25.0,0.0069444444444444,09:00:00,16:00:00,2000.0,30.0,10min,0 days 00:10:00,0.1,1.0,15.0,90.0,10.0,19.0,21.0,1.0,internal_doors_only_random,DTMC,school_corridor,door_009_90deg_q25,False,
model_211001_00-24-29,5 days,0.0,0.0,0.54,25.0,0.0069444444444444,09:00:00,16:00:00,2000.0,30.0,10min,0 days 00:10:00,0.2,1.0,15.0,90.0,10.0,19.0,21.0,1.0,internal_doors_only_random,DTMC,school_corridor,door_009_90deg_q25,False,
model_211001_00-30-09,5 days,0.0,0.0,0.54,25.0,0.0069444444444444,09:00:00,16:00:00,2000.0,30.0,10min,0 days 00:10:00,0.3,1.0,15.0,90.0,10.0,19.0,21.0,1.0,internal_doors_only_random,DTMC,school_corridor,door_009_90deg_q25,False,
model_211001_00-35-46,5 days,0.0,0.0,0.54,25.0,0.0069444444444444,09:00:00,16:00:00,2000.0,30.0,10min,0 days 00:10:00,0.4,1.0,15.0,90.0,10.0,19.0,21.0,1.0,internal_doors_only_random,DTMC,school_corridor,door_009_90deg_q25,False,
model_211001_00-41-13,5 days,0.0,0.0,0.54,25.0,0.0069444444444444,09:00:00,16:00:00,2000.0,30.0,10min,0 days 00:10:00,0.5,1.0,15.0,90.0,10.0,19.0,21.0,1.0,internal_doors_only_random,DTMC,school_corridor,door_009_90deg_q25,False,
model_211001_00-46-34,5 days,0.0,0.0,0.54,25.0,0.0069444444444444,09:00:00,16:00:00,2000.0,30.0,10min,0 days 00:10:00,0.6,1.0,15.0,90.0,10.0,19.0,21.0,1.0,internal_doors_only_random,DTMC,school_corridor,door_009_90deg_q25,False,
model_211001_00-51-43,5 days,0.0,0.0,0.54,25.0,0.0069444444444444,09:00:00,16:00:00,2000.0,30.0,10min,0 days 00:10:00,0.7,1.0,15.0,90.0,10.0,19.0,21.0,1.0,internal_doors_only_random,DTMC,school_corridor,door_009_90deg_q25,False,
model_211001_00-56-42,5 days,0.0,0.0,0.54,25.0,0.0069444444444444,09:00:00,16:00:00,2000.0,30.0,10min,0 days 00:10:00,0.8,1.0,15.0,90.0,10.0,19.0,21.0,1.0,internal_doors_only_random,DTMC,school_corridor,door_009_90deg_q25,False,
model_211001_01-01-37,5 days,0.0,0.0,0.54,25.0,0.0069444444444444,09:00:00,16:00:00,2000.0,30.0,10min,0 days 00:10:00,0.9,1.0,15.0,90.0,10.0,19.0,21.0,1.0,internal_doors_only_random,DTMC,school_corridor,door_009_90deg_q25,False,
model_211001_01-06-48,5 days,0.0,0.0,0.54,25.0,0.0069444444444444,09:00:00,16:00:00,2000.0,30.0,10min,0 days 00:10:00,1.0,1.0,15.0,90.0,10.0,19.0,21.0,1.0,internal_doors_only_random,DTMC,school_corridor,door_009_90deg_q25,False,
model_210930_20-52-01,5 days,0.0,0.0,0.54,5.0,0.0069444444444444,09:00:00,16:00:00,2000.0,30.0,10min,0 days 00:10:00,0.0,1.0,5.0,90.0,5.0,19.0,21.0,1.0,internal_doors_only_random,DTMC,school_corridor,door_007_90deg_q5,False,
model_210930_20-58-25,5 days,0.0,0.0,0.54,5.0,0.0069444444444444,09:00:00,16:00:00,2000.0,30.0,10min,0 days 00:10:00,0.1,1.0,5.0,90.0,5.0,19.0,21.0,1.0,internal_doors_only_random,DTMC,school_corridor,door_007_90deg_q5,False,
model_210930_21-04-50,5 days,0.0,0.0,0.54,5.0,0.0069444444444444,09:00:00,16:00:00,2000.0,30.0,10min,0 days 00:10:00,0.2,1.0,5.0,90.0,5.0,19.0,21.0,1.0,internal_doors_only_random,DTMC,school_corridor,door_007_90deg_q5,False,
model_210930_21-11-17,5 days,0.0,0.0,0.54,5.0,0.0069444444444444,09:00:00,16:00:00,2000.0,30.0,10min,0 days 00:10:00,0.3,1.0,5.0,90.0,5.0,19.0,21.0,1.0,internal_doors_only_random,DTMC,school_corridor,door_007_90deg_q5,False,
model_210930_21-17-46,5 days,0.0,0.0,0.54,5.0,0.0069444444444444,09:00:00,16:00:00,2000.0,30.0,10min,0 days 00:10:00,0.4,1.0,5.0,90.0,5.0,19.0,21.0,1.0,internal_doors_only_random,DTMC,school_corridor,door_007_90deg_q5,False,
model_210930_21-24-07,5 days,0.0,0.0,0.54,5.0,0.0069444444444444,09:00:00,16:00:00,2000.0,30.0,10min,0 days 00:10:00,0.5,1.0,5.0,90.0,5.0,19.0,21.0,1.0,internal_doors_only_random,DTMC,school_corridor,door_007_90deg_q5,False,
model_210930_21-30-29,5 days,0.0,0.0,0.54,5.0,0.0069444444444444,09:00:00,16:00:00,2000.0,30.0,10min,0 days 00:10:00,0.6,1.0,5.0,90.0,5.0,19.0,21.0,1.0,internal_doors_only_random,DTMC,school_corridor,door_007_90deg_q5,False,
model_210930_21-36-51,5 days,0.0,0.0,0.54,5.0,0.0069444444444444,09:00:00,16:00:00,2000.0,30.0,10min,0 days 00:10:00,0.7,1.0,5.0,90.0,5.0,19.0,21.0,1.0,internal_doors_only_random,DTMC,school_corridor,door_007_90deg_q5,False,
model_210930_21-43-14,5 days,0.0,0.0,0.54,5.0,0.0069444444444444,09:00:00,16:00:00,2000.0,30.0,10min,0 days 00:10:00,0.8,1.0,5.0,90.0,5.0,19.0,21.0,1.0,internal_doors_only_random,DTMC,school_corridor,door_007_90deg_q5,False,
model_210930_21-49-41,5 days,0.0,0.0,0.54,5.0,0.0069444444444444,09:00:00,16:00:00,2000.0,30.0,10min,0 days 00:10:00,0.9,1.0,5.0,90.0,5.0,19.0,21.0,1.0,internal_doors_only_random,DTMC,school_corridor,door_007_90deg_q5,False,
model_210930_21-56-08,5 days,0.0,0.0,0.54,5.0,0.0069444444444444,09:00:00,16:00:00,2000.0,30.0,10min,0 days 00:10:00,1.0,1.0,5.0,90.0,5.0,19.0,21.0,1.0,internal_doors_only_random,DTMC,school_corridor,door_007_90deg_q5,False,
model_210930_22-02-33,5 days,0.0,0.0,0.54,5.0,0.0069444444444444,09:00:00,16:00:00,2000.0,30.0,10min,0 days 00:10:00,0.0,1.0,15.0,90.0,5.0,19.0,21.0,1.0,internal_doors_only_random,DTMC,school_corridor,door_007_90deg_q5,False,
model_210930_22-08-51,5 days,0.0,0.0,0.54,5.0,0.0069444444444444,09:00:00,16:00:00,2000.0,30.0,10min,0 days 00:10:00,0.1,1.0,15.0,90.0,5.0,19.0,21.0,1.0,internal_doors_only_random,DTMC,school_corridor,door_007_90deg_q5,False,
model_210930_22-15-18,5 days,0.0,0.0,0.54,5.0,0.0069444444444444,09:00:00,16:00:00,2000.0,30.0,10min,0 days 00:10:00,0.2,1.0,15.0,90.0,5.0,19.0,21.0,1.0,internal_doors_only_random,DTMC,school_corridor,door_007_90deg_q5,False,
model_210930_22-21-45,5 days,0.0,0.0,0.54,5.0,0.0069444444444444,09:00:00,16:00:00,2000.0,30.0,10min,0 days 00:10:00,0.3,1.0,15.0,90.0,5.0,19.0,21.0,1.0,internal_doors_only_random,DTMC,school_corridor,door_007_90deg_q5,False,
model_210930_22-28-04,5 days,0.0,0.0,0.54,5.0,0.0069444444444444,09:00:00,16:00:00,2000.0,30.0,10min,0 days 00:10:00,0.4,1.0,15.0,90.0,5.0,19.0,21.0,1.0,internal_doors_only_random,DTMC,school_corridor,door_007_90deg_q5,False,
model_210930_22-34-29,5 days,0.0,0.0,0.54,5.0,0.0069444444444444,09:00:00,16:00:00,2000.0,30.0,10min,0 days 00:10:00,0.5,1.0,15.0,90.0,5.0,19.0,21.0,1.0,internal_doors_only_random,DTMC,school_corridor,door_007_90deg_q5,False,
model_210930_22-40-55,5 days,0.0,0.0,0.54,5.0,0.0069444444444444,09:00:00,16:00:00,2000.0,30.0,10min,0 days 00:10:00,0.6,1.0,15.0,90.0,5.0,19.0,21.0,1.0,internal_doors_only_random,DTMC,school_corridor,door_007_90deg_q5,False,
model_210930_22-47-19,5 days,0.0,0.0,0.54,5.0,0.0069444444444444,09:00:00,16:00:00,2000.0,30.0,10min,0 days 00:10:00,0.7,1.0,15.0,90.0,5.0,19.0,21.0,1.0,internal_doors_only_random,DTMC,school_corridor,door_007_90deg_q5,False,
model_210930_22-53-44,5 days,0.0,0.0,0.54,5.0,0.0069444444444444,09:00:00,16:00:00,2000.0,30.0,10min,0 days 00:10:00,0.8,1.0,15.0,90.0,5.0,19.0,21.0,1.0,internal_doors_only_random,DTMC,school_corridor,door_007_90deg_q5,False,
model_210930_23-00-12,5 days,0.0,0.0,0.54,5.0,0.0069444444444444,09:00:00,16:00:00,2000.0,30.0,10min,0 days 00:10:00,0.9,1.0,15.0,90.0,5.0,19.0,21.0,1.0,internal_doors_only_random,DTMC,school_corridor,door_007_90deg_q5,False,
model_210930_23-06-42,5 days,0.0,0.0,0.54,5.0,0.0069444444444444,09:00:00,16:00:00,2000.0,30.0,10min,0 days 00:10:00,1.0,1.0,15.0,90.0,5.0,19.0,21.0,1.0,internal_doors_only_random,DTMC,school_corridor,door_007_90deg_q5,False,
model_210930_23-13-04,5 days,0.0,0.0,0.54,5.0,0.0069444444444444,09:00:00,16:00:00,2000.0,30.0,10min,0 days 00:10:00,0.0,1.0,5.0,90.0,10.0,19.0,21.0,1.0,internal_doors_only_random,DTMC,school_corridor,door_007_90deg_q5,False,
model_210930_23-19-22,5 days,0.0,0.0,0.54,5.0,0.0069444444444444,09:00:00,16:00:00,2000.0,30.0,10min,0 days 00:10:00,0.1,1.0,5.0,90.0,10.0,19.0,21.0,1.0,internal_doors_only_random,DTMC,school_corridor,door_007_90deg_q5,False,
model_210930_23-25-33,5 days,0.0,0.0,0.54,5.0,0.0069444444444444,09:00:00,16:00:00,2000.0,30.0,10min,0 days 00:10:00,0.2,1.0,5.0,90.0,10.0,19.0,21.0,1.0,internal_doors_only_random,DTMC,school_corridor,door_007_90deg_q5,False,
model_210930_23-31-47,5 days,0.0,0.0,0.54,5.0,0.0069444444444444,09:00:00,16:00:00,2000.0,30.0,10min,0 days 00:10:00,0.3,1.0,5.0,90.0,10.0,19.0,21.0,1.0,internal_doors_only_random,DTMC,school_corridor,door_007_90deg_q5,False,
model_210930_23-38-12,5 days,0.0,0.0,0.54,5.0,0.0069444444444444,09:00:00,16:00:00,2000.0,30.0,10min,0 days 00:10:00,0.4,1.0,5.0,90.0,10.0,19.0,21.0,1.0,internal_doors_only_random,DTMC,school_corridor,door_007_90deg_q5,False,
model_210930_23-44-31,5 days,0.0,0.0,0.54,5.0,0.0069444444444444,09:00:00,16:00:00,2000.0,30.0,10min,0 days 00:10:00,0.5,1.0,5.0,90.0,10.0,19.0,21.0,1.0,internal_doors_only_random,DTMC,school_corridor,door_007_90deg_q5,False,
model_210930_23-50-50,5 days,0.0,0.0,0.54,5.0,0.0069444444444444,09:00:00,16:00:00,2000.0,30.0,10min,0 days 00:10:00,0.6,1.0,5.0,90.0,10.0,19.0,21.0,1.0,internal_doors_only_random,DTMC,school_corridor,door_007_90deg_q5,False,
model_210930_23-57-07,5 days,0.0,0.0,0.54,5.0,0.0069444444444444,09:00:00,16:00:00,2000.0,30.0,10min,0 days 00:10:00,0.7,1.0,5.0,90.0,10.0,19.0,21.0,1.0,internal_doors_only_random,DTMC,school_corridor,door_007_90deg_q5,False,
model_211001_00-03-31,5 days,0.0,0.0,0.54,5.0,0.0069444444444444,09:00:00,16:00:00,2000.0,30.0,10min,0 days 00:10:00,0.8,1.0,5.0,90.0,10.0,19.0,21.0,1.0,internal_doors_only_random,DTMC,school_corridor,door_007_90deg_q5,False,
model_211001_00-09-51,5 days,0.0,0.0,0.54,5.0,0.0069444444444444,09:00:00,16:00:00,2000.0,30.0,10min,0 days 00:10:00,0.9,1.0,5.0,90.0,10.0,19.0,21.0,1.0,internal_doors_only_random,DTMC,school_corridor,door_007_90deg_q5,False,
model_211001_00-16-08,5 days,0.0,0.0,0.54,5.0,0.0069444444444444,09:00:00,16:00:00,2000.0,30.0,10min,0 days 00:10:00,1.0,1.0,5.0,90.0,10.0,19.0,21.0,1.0,internal_doors_only_random,DTMC,school_corridor,door_007_90deg_q5,False,
model_211001_00-22-24,5 days,0.0,0.0,0.54,5.0,0.0069444444444444,09:00:00,16:00:00,2000.0,30.0,10min,0 days 00:10:00,0.0,1.0,15.0,90.0,10.0,19.0,21.0,1.0,internal_doors_only_random,DTMC,school_corridor,door_007_90deg_q5,False,
model_211001_00-28-43,5 days,0.0,0.0,0.54,5.0,0.0069444444444444,09:00:00,16:00:00,2000.0,30.0,10min,0 days 00:10:00,0.1,1.0,15.0,90.0,10.0,19.0,21.0,1.0,internal_doors_only_random,DTMC,school_corridor,door_007_90deg_q5,False,
model_211001_00-35-07,5 days,0.0,0.0,0.54,5.0,0.0069444444444444,09:00:00,16:00:00,2000.0,30.0,10min,0 days 00:10:00,0.2,1.0,15.0,90.0,10.0,19.0,21.0,1.0,internal_doors_only_random,DTMC,school_corridor,door_007_90deg_q5,False,
model_211001_00-41-34,5 days,0.0,0.0,0.54,5.0,0.0069444444444444,09:00:00,16:00:00,2000.0,30.0,10min,0 days 00:10:00,0.3,1.0,15.0,90.0,10.0,19.0,21.0,1.0,internal_doors_only_random,DTMC,school_corridor,door_007_90deg_q5,False,
model_211001_00-48-00,5 days,0.0,0.0,0.54,5.0,0.0069444444444444,09:00:00,16:00:00,2000.0,30.0,10min,0 days 00:10:00,0.4,1.0,15.0,90.0,10.0,19.0,21.0,1.0,internal_doors_only_random,DTMC,school_corridor,door_007_90deg_q5,False,
model_211001_00-54-22,5 days,0.0,0.0,0.54,5.0,0.0069444444444444,09:00:00,16:00:00,2000.0,30.0,10min,0 days 00:10:00,0.5,1.0,15.0,90.0,10.0,19.0,21.0,1.0,internal_doors_only_random,DTMC,school_corridor,door_007_90deg_q5,False,
model_211001_01-00-51,5 days,0.0,0.0,0.54,5.0,0.0069444444444444,09:00:00,16:00:00,2000.0,30.0,10min,0 days 00:10:00,0.6,1.0,15.0,90.0,10.0,19.0,21.0,1.0,internal_doors_only_random,DTMC,school_corridor,door_007_90deg_q5,False,
model_211001_01-07-14,5 days,0.0,0.0,0.54,5.0,0.0069444444444444,09:00:00,16:00:00,2000.0,30.0,10min,0 days 00:10:00,0.7,1.0,15.0,90.0,10.0,19.0,21.0,1.0,internal_doors_only_random,DTMC,school_corridor,door_007_90deg_q5,False,
model_211001_01-13-46,5 days,0.0,0.0,0.54,5.0,0.0069444444444444,09:00:00,16:00:00,2000.0,30.0,10min,0 days 00:10:00,0.8,1.0,15.0,90.0,10.0,19.0,21.0,1.0,internal_doors_only_random,DTMC,school_corridor,door_007_90deg_q5,False,
model_211001_01-20-09,5 days,0.0,0.0,0.54,5.0,0.0069444444444444,09:00:00,16:00:00,2000.0,30.0,10min,0 days 00:10:00,0.9,1.0,15.0,90.0,10.0,19.0,21.0,1.0,internal_doors_only_random,DTMC,school_corridor,door_007_90deg_q5,False,
model_211001_01-26-27,5 days,0.0,0.0,0.54,5.0,0.0069444444444444,09:00:00,16:00:00,2000.0,30.0,10min,0 days 00:10:00,1.0,1.0,15.0,90.0,10.0,19.0,21.0,1.0,internal_doors_only_random,DTMC,school_corridor,door_007_90deg_q5,False,
